Date,MSCI Australia,MSCI Canada,MSCI China,MSCI EM,MSCI FM,MSCI World,MSCI Germany,MSCI Japan,MSCI UK,MSCI USA
31/12/1969,100,100,,,,100,100,100,100,100
30/01/1970,96.87,102.45,,,,94.45,95.17,98.42,99.26,92.8
27/02/1970,95.75,107,,,,97.41,92.38,99.62,93.94,97.95
31/03/1970,95.42,108.09,,,,97.71,93.19,103.67,96.24,98.46
30/04/1970,84.74,95.73,,,,88.58,88.89,91.12,86.39,89.86
29/05/1970,79.25,86.63,,,,82.99,80.55,88.7,82.04,84.72
30/06/1970,89.49,90.99,,,,80.95,77.57,90.32,85.74,81.19
31/07/1970,92.34,97.5,,,,85.97,82.3,90.51,88.91,87.23
31/08/1970,91.62,101.93,,,,88.8,83.26,89.54,88.69,90.74
30/09/1970,91.75,108.58,,,,91.67,81.9,88.5,93.86,93.76
30/10/1970,83.33,107.07,,,,90.31,80.67,89.65,93.63,93.01
30/11/1970,79.25,112.16,,,,92.34,77.75,87.07,87.21,98.05
31/12/1970,80.23,115.19,,,,96.92,75.41,87.77,92.64,103.64
29/01/1971,78.42,118.99,,,,101.37,86.23,92.57,92.9,108.38
26/02/1971,76.95,118.8,,,,102.44,89.9,96.83,91.19,109.45
31/03/1971,81.19,124.04,,,,106.93,90.74,104.82,99.02,113.87
30/04/1971,78.23,123.73,,,,110.43,85.2,110.25,109.98,118.26
31/05/1971,76.04,120.36,,,,107.81,89.24,109.47,114.02,113.64
30/06/1971,76.74,119.64,,,,108.91,89.42,119.94,115.97,114.38
30/07/1971,73.67,119.88,,,,107.17,94.06,120.52,123.75,110.28
31/08/1971,71.16,124.63,,,,109.51,92.28,112.55,125.44,114.79
30/09/1971,64.13,123.54,,,,108.47,91.26,116.28,125.56,113.33
29/10/1971,64.42,117.61,,,,104.35,84.36,111.71,122.31,109.26
30/11/1971,63.44,117.25,,,,105.23,86.61,119.49,125.49,109.68
31/12/1971,78.19,130.8,,,,114.71,93.02,134.85,135.25,116.54
31/01/1972,75.76,136.88,,,,118.91,99.78,145.39,142.7,118.88
29/02/1972,83.52,141.49,,,,123.47,108.15,158.65,151.43,122.21
31/03/1972,86.29,141.77,,,,125.19,113.74,167.16,151.62,124.11
28/04/1972,84.63,142.49,,,,126.85,110.77,175.58,156.64,124.32
31/05/1972,88.3,150.24,,,,129.43,114.05,190.69,153.59,124.18
30/06/1972,90.69,153.29,,,,126.43,112.26,198.29,139.45,121.96
31/07/1972,85.59,152.82,,,,128.38,118.66,215.22,147.3,121.27
31/08/1972,86.14,163.37,,,,132.03,115.98,220.53,148.21,125.7
29/09/1972,83.39,162.46,,,,130.02,111.82,230.53,131.94,125.91
31/10/1972,88.5,159.11,,,,131.09,109.55,237.95,131.56,127.55
30/11/1972,91.31,166.58,,,,137.97,111.16,280.31,140.83,132.47
29/12/1972,93.86,173.45,,,,140.5,109.35,304.45,138.77,134.69
31/01/1973,96.97,173.16,,,,140.83,116.29,309.55,129.9,131.5
28/02/1973,98.06,169.49,,,,141.8,126.38,335.56,131.69,125.37
30/03/1973,97.91,169.87,,,,142,133.41,336.44,131.53,123.92
30/04/1973,91.76,162.59,,,,134.84,126.35,299.15,133.07,119.18
31/05/1973,99.41,156.26,,,,134.44,118.89,306.87,137.22,117.31
29/06/1973,97,159.51,,,,135.28,132.09,312.28,136.58,117.49
31/07/1973,98.84,168.37,,,,138.51,127.47,331.19,126.53,122.13
31/08/1973,88.02,167.96,,,,132.74,123,315.5,119.51,118.08
28/09/1973,85.28,173.58,,,,136.58,123.49,298.51,121.39,122.32
31/10/1973,90.28,186.47,,,,137.96,130.76,296.97,125.7,122.86
30/11/1973,82.59,168.51,,,,120.07,108.49,256.15,106.97,109.85
31/12/1973,81.62,167.23,,,,119.09,103.42,242.03,101.12,111.79
31/01/1974,92.32,172.53,,,,120,108.48,240.69,96.84,109.89
28/02/1974,100.85,179.23,,,,121.87,105.19,250.46,103.56,109.78
29/03/1974,94.62,175.08,,,,118.78,110.99,254.68,86.95,107.1
30/04/1974,91.09,162.65,,,,116.8,119.8,258.46,93.95,102.99
31/05/1974,77.81,150.07,,,,112.1,112.44,267.77,84.41,99.81
28/06/1974,73.08,144.91,,,,108.57,108.49,258.32,76.38,98.13
31/07/1974,61.65,147.28,,,,102.14,106.3,232.63,71.51,90.34
30/08/1974,60.45,132.84,,,,92.29,103.98,207.01,61.08,82.17
30/09/1974,42.7,119.32,,,,83.68,99.36,209.25,53.92,72.62
31/10/1974,53.49,132.39,,,,91.69,105.16,191.8,55.92,85.43
29/11/1974,55.69,121.02,,,,90.26,115.18,211.7,47.35,81.48
31/12/1974,53.49,121.84,,,,88.76,119.82,203.09,48.44,79.77
31/01/1975,65.8,140.82,,,,101.7,135.29,213.32,75.59,90.05
28/02/1975,67.03,144.67,,,,110.68,153.62,244.41,95.75,95.63
31/03/1975,65.78,140.56,,,,111.49,151.73,250.49,87.79,97.9
30/04/1975,64.65,142.68,,,,116.11,154.49,251.12,101.38,102.25
30/05/1975,71.26,145.68,,,,118.86,145.39,249.88,104.75,106.85
30/06/1975,69.2,149.33,,,,120.36,145.98,252.64,88.39,111.92
31/07/1975,67.82,148.11,,,,113.71,145.14,239.75,84.36,104.36
29/08/1975,65.47,146.83,,,,111.94,137.96,229.1,95.31,102
30/09/1975,69.91,139.66,,,,107.25,131.88,214.6,94,98.37
31/10/1975,71.95,133.61,,,,114.64,148.72,237.71,99.48,105.07
28/11/1975,76.86,144.38,,,,117.77,152.32,239.73,97.64,108.18
31/12/1975,79.26,139.45,,,,117.88,154.22,242.41,102.24,107.04
30/01/1976,80.62,154.59,,,,128.41,157.69,257.32,112.27,119.47
27/02/1976,81.96,162.97,,,,127.46,160.35,259.11,108.6,118.17
31/03/1976,80.06,160.92,,,,128.96,166.65,259,102.07,122.24
30/04/1976,81.94,163.78,,,,128.02,156.69,260.65,102.11,120.89
31/05/1976,82.78,164.92,,,,125.89,151.94,262.08,91.43,119.53
30/06/1976,83.89,163.93,,,,129.76,154.37,275.17,91.53,124.77
30/07/1976,92.46,161.66,,,,128.55,153.03,270.04,88.54,124.03
31/08/1976,92.2,160.27,,,,128.26,153.37,279.49,84.15,123.85
30/09/1976,84.77,158.38,,,,129.33,160.69,280.97,74.52,126.93
29/10/1976,79.69,152.67,,,,124.81,150.83,266.23,64.72,124.5
30/11/1976,62.96,133.63,,,,124.32,158.97,263.26,71.4,123.93
31/12/1976,70.24,152.17,,,,133.67,163.12,303.34,87.4,130.45
31/01/1977,71.49,147.71,,,,129.18,160.23,294.26,95.73,124.04
28/02/1977,69.34,146.53,,,,128.61,157.75,309.33,98,121.46
31/03/1977,73.44,147.69,,,,127.81,163.05,306.33,101.22,120.02
29/04/1977,72.61,144.38,,,,129.21,176.91,311.96,104.67,120.34
31/05/1977,75.89,141.8,,,,127.45,173.25,309.99,107.32,118.03
30/06/1977,75.65,147.77,,,,132.25,169.9,322.21,110.63,123.72
29/07/1977,71.51,147.23,,,,130.48,175.65,318.36,108.91,122.13
31/08/1977,68.04,141.13,,,,130.96,176.65,335.16,121.86,119.79
30/09/1977,68.01,141.84,,,,132.59,179.98,339.91,132.04,119.8
31/10/1977,73.04,132.18,,,,130.32,189.82,346.55,134.23,114.78
30/11/1977,71.07,139.93,,,,131.96,193.56,347.51,127.15,117.7
30/12/1977,77.48,148.21,,,,134.57,203.12,349.97,135.59,118.32
31/01/1978,73.75,137.44,,,,130.62,205.65,364.69,131.94,111.37
28/02/1978,69.69,137.13,,,,129.61,213.88,378.5,124.74,108.82
31/03/1978,73.64,143.32,,,,135.47,214.64,427.47,128.04,111.4
28/04/1978,78.36,146,,,,141.56,203.59,424.73,127.73,121.86
31/05/1978,82.18,154.28,,,,143.33,204.9,428.61,133.04,122.29
30/06/1978,81.93,153.36,,,,144.75,210.81,468.85,131.47,120.28
31/07/1978,87.39,161.93,,,,155.18,222.18,517.71,145.01,127.49
31/08/1978,92.9,165.13,,,,158.74,231.85,509.96,148.97,130.78
29/09/1978,96.79,170.98,,,,160.56,244.85,521.21,150.9,130.13
31/10/1978,92.5,163.22,,,,157.43,269.56,561.64,155.01,118.98
30/11/1978,87.69,172.68,,,,151.86,238.6,509.81,147.56,121.29
29/12/1978,93.14,177.56,,,,156.81,252.36,534.59,152.25,123.37
31/01/1979,96.9,181.7,,,,160.81,248.32,532.73,151.31,128.89
28/02/1979,100.07,186.02,,,,157.72,242.84,512.2,164.32,124.32
30/03/1979,101.28,204.8,,,,164.32,237.59,493.94,189.2,131.26
30/04/1979,97.82,210.46,,,,164.07,233.49,478.6,198.45,131.13
31/05/1979,100.83,216.03,,,,161.22,221.5,485.84,184.48,128.45
29/06/1979,99.42,231.07,,,,165.86,223.19,489.02,185.34,133.25
31/07/1979,102.52,220.14,,,,167.09,233,487.58,186.94,134.58
31/08/1979,114.86,242.54,,,,173.79,237.65,489.38,191.59,141.08
28/09/1979,122.81,258.27,,,,177.68,249.54,498.64,195.08,140.69
31/10/1979,121.07,231.68,,,,164.44,228.76,459.95,174.81,131.5
30/11/1979,117.8,252.3,,,,169.47,241.12,441.49,182.42,136.78
31/12/1979,132.25,268.65,,,,173.98,239.94,469.32,182.13,138.82
31/01/1980,159.6,307.91,,,,184.44,238.4,478.61,201.57,147.01
29/02/1980,163.73,348.97,,,,184.5,239.56,459.89,213.13,145.33
31/03/1980,133.95,272.07,,,,164.63,202.49,446.92,184.8,132.28
30/04/1980,143.31,281.31,,,,175.38,225.77,483.28,199.65,137.82
30/05/1980,163.42,305.72,,,,183.99,233.91,511.96,201.37,144.25
30/06/1980,175.63,327.94,,,,192.78,243.08,531.84,226.72,148.73
31/07/1980,175.49,341.36,,,,198.67,244.64,505.35,233.29,158.4
29/08/1980,185.58,346.98,,,,202.52,238.71,538.85,238.81,159.28
30/09/1980,196.54,344.8,,,,208.57,236.6,574.21,245.53,163.08
31/10/1980,209.52,334.69,,,,214.61,219.21,588.06,266.86,166.99
28/11/1980,203.8,348.1,,,,223.56,220.47,569.09,261.81,184.2
31/12/1980,201.99,327.9,,,,218.64,211.18,608.91,249.84,177.58
30/01/1981,180.83,324.89,,,,212.25,191.85,620.82,248.21,170.77
27/02/1981,173.42,317.63,,,,212.84,190.46,611.84,240.03,174.17
31/03/1981,191.54,342.01,,,,220.38,199.38,648.36,243.19,179.75
30/04/1981,189.31,334.8,,,,220.45,198.3,695.44,249.22,176.2
29/05/1981,187.77,346.81,,,,216.12,183.25,677.46,229.06,175.48
30/06/1981,184.69,346.81,,,,215.72,189.87,701.24,219.54,174.88
31/07/1981,164.13,323.42,,,,212.04,185,675.33,211.57,175.93
31/08/1981,165.11,324.15,,,,207.84,182.27,701.4,220.72,165.66
30/09/1981,149.7,277,,,,192.19,180.84,635.03,181,157.64
30/10/1981,140.83,270.08,,,,198.04,186.27,634.31,191.03,165.24
30/11/1981,154.4,305.75,,,,212.73,196.76,691.97,227.73,172.24
31/12/1981,151.93,290.86,,,,208.18,188.09,703.06,218.19,167.44
29/01/1982,135.12,265.23,,,,205.09,186.24,691.18,228.47,165.3
26/02/1982,120.66,244.65,,,,192.63,183.91,636.05,211.79,156.53
31/03/1982,111.38,229.95,,,,187.34,185.93,574.85,215.18,155.44
30/04/1982,125.54,228.01,,,,196.5,192.54,625.92,220.37,162.02
31/05/1982,123.72,223.31,,,,191.51,188.29,601.84,227.44,156.4
30/06/1982,112.84,193.04,,,,182.83,175.61,565.46,212.86,154.19
30/07/1982,108.81,205.53,,,,180.44,175.92,544.34,220.3,151.2
31/08/1982,111.02,242.23,,,,193.49,171.14,547.34,223.57,169.57
30/09/1982,113.49,239.06,,,,194.35,178.29,526.32,233.94,171.57
29/10/1982,113.29,266.12,,,,207.66,174.37,528.22,238.07,190.44
30/11/1982,111.65,269.97,,,,218.62,184.1,625.98,231.32,197.6
31/12/1982,115.91,294.38,,,,228.39,205.34,696.99,234.45,200.93
31/01/1983,127.88,303.4,,,,233.22,197.7,668.04,230.73,208.73
28/02/1983,118.01,314.41,,,,238.07,214.39,678.94,231.81,212.94
31/03/1983,110.67,322.22,,,,246.41,242.12,706.06,234.87,220.09
29/04/1983,128.43,355.73,,,,263.95,254.07,720.9,267.86,237.16
31/05/1983,137.08,364.37,,,,261.32,234.09,722.44,275.58,233.27
30/06/1983,133.13,372.03,,,,269.48,245.53,745.28,277.6,242.09
29/07/1983,149.77,373.97,,,,264.63,241.9,751.3,267.39,234.02
31/08/1983,155.25,375.69,,,,266.01,222.34,741.9,264.76,238.58
30/09/1983,162.11,380.78,,,,271.35,234.18,800.32,264.18,241.46
31/10/1983,159.57,358.54,,,,268.12,253.05,796.28,259.5,238.52
30/11/1983,174.6,389.75,,,,275,251.45,805.98,270.89,243.42
30/12/1983,178.66,389.62,,,,278.47,253.2,867.96,271.18,241.87
31/01/1984,178.01,370.88,,,,280.74,253.3,908.46,281.65,238.95
29/02/1984,171.76,366.9,,,,276.06,262.28,905.62,292.72,228.82
30/03/1984,178.41,355.74,,,,289.01,263.1,1068.91,303.95,232.82
30/04/1984,176.76,346.31,,,,287.91,253.44,1045.46,302.2,235.01
31/05/1984,148.26,331.33,,,,266.28,241.44,916.82,270.95,221.62
29/06/1984,146.35,324.97,,,,268.54,243,920.99,272.77,226.1
31/07/1984,146.5,315.2,,,,259.05,218.38,855.83,256.53,224.11
31/08/1984,161.19,361.1,,,,285,231.44,929.09,282.45,248.22
28/09/1984,159.14,357.64,,,,283.87,235.04,924.99,277.51,248.36
31/10/1984,164.94,351.06,,,,286.85,241.19,970.48,276.06,249.38
30/11/1984,166.08,351.2,,,,285.72,238.64,976.94,281.86,246.7
31/12/1984,154.2,356.79,,,,291.61,238.74,1014.21,285.57,252.66
31/01/1985,163.67,385.18,,,,307.64,248.57,1008.98,291.84,272.7
28/02/1985,147.97,368.98,,,,308.16,240.55,1041.92,276.45,275.67
29/03/1985,151.77,378.29,,,,318.78,263.91,1101.22,320.57,276.15
30/04/1985,149.47,380.17,,,,317.82,275.09,1063.48,328.51,275.28
31/05/1985,152.88,391.98,,,,334.08,303.14,1100.46,345.23,292.05
28/06/1985,153.58,389.56,,,,339.95,329.31,1150.02,333.76,296.06
31/07/1985,181.03,407.93,,,,346.88,340.16,1155.71,375.3,294.91
30/08/1985,175.53,403.33,,,,349.64,371.94,1183.38,395.38,291.96
30/09/1985,187.41,377.83,,,,352.16,413.84,1308.85,381.49,282.45
31/10/1985,193.48,384.41,,,,371.02,477.34,1350.04,422.61,295
29/11/1985,181.87,409.15,,,,391.67,483.58,1370.08,455.48,315.22
31/12/1985,184.37,410.49,,,,409.91,561.5,1451,436.98,331.19
31/01/1986,207.94,392.53,,,,415.87,582.96,1491.06,437.34,332.97
28/02/1986,196.12,397.04,,,,453.23,614.75,1670.6,489.53,357.88
31/03/1986,217.32,432.47,,,,497.42,635.69,2028.96,533.49,377.55
30/04/1986,240.2,440.31,,,,510.97,721.87,2106.08,564.9,371.98
30/05/1986,241.01,445.73,,,,509.37,607.97,2092.1,518.62,389.99
30/06/1986,214.58,437,,,,529.67,632.48,2304.52,560.23,394.75
31/07/1986,180.5,416.54,,,,533.79,627.62,2609.12,511.94,373.36
29/08/1986,193.19,433.42,,,,580.3,739.15,2846.26,544.07,400.63
30/09/1986,210.2,430.14,,,,557.09,695.23,2917.18,498.45,366.21
31/10/1986,237.16,439.33,,,,547.38,691.68,2527.96,508.7,386.65
28/11/1986,240.56,443.77,,,,570.39,755.92,2695.48,527.17,395.4
31/12/1986,262.31,451.28,,,,581.61,759.64,2893.41,554.75,385.1
30/01/1987,265.45,514.81,,,,649.78,705.41,3358.73,617.84,435.89
27/02/1987,297.92,539.56,,,,671.05,669.28,3418.88,692.69,451.19
31/03/1987,329.83,590.1,,,,712.44,701.49,3793.35,727.56,463
30/04/1987,340.95,574.66,,,,754.05,704.7,4390.07,776.17,458.46
29/05/1987,352.27,571.68,,,,754.93,681.77,4381.99,820.14,460.68
30/06/1987,359.88,589.22,,,,754.32,726.45,4057.36,848.35,484.17
31/07/1987,400.53,638.97,,,,769.22,755.42,3915.23,865.94,506.83
31/08/1987,438.18,638.77,,,,814.51,785.71,4403.11,848.09,526.43
30/09/1987,454.27,629.63,,,,800.15,753.23,4247.37,891.6,514.84
30/10/1987,251.8,490.63,,,,664.11,620.61,3928.6,699.6,405.21
30/11/1987,276.67,478.24,,,,647.76,560.62,4085.48,668.06,370.58
31/12/1987,286.58,514.04,,,,675.62,571.65,4138.37,749.39,396.3
29/01/1988,268.98,507.02,,,,691.91,502.19,4361.19,744.47,412.89
29/02/1988,271.59,540.45,,,,731.87,582.17,4690.51,741.73,429.79
31/03/1988,318.63,564.91,,,,753.77,581.62,5043.94,777.19,415.01
29/04/1988,338.52,573.94,,,,763.08,571.98,5096.39,798.04,418.42
31/05/1988,389.04,552.59,,,,747.62,565.3,4866.14,775.14,421.62
30/06/1988,376.44,599.12,,,,746.39,566.46,4682.68,749.93,440.83
29/07/1988,399.66,587.84,,,,760.22,571.43,4897.35,757.31,439.06
31/08/1988,388.83,557.09,,,,718.25,567.31,4527.38,706.27,423.92
30/09/1988,376.5,569,,,,748.52,609.3,4722.32,740.85,441.62
31/10/1988,402.7,587.8,,,,798.13,673.57,5116.37,799.65,454.74
30/11/1988,394.13,585.18,,,,825.71,669.35,5571.02,808.4,447.32
30/12/1988,390.89,601.8,,,,832.96,689.44,5602.97,794,454.22
31/01/1989,426.82,651.37,,,,862.88,656.49,5619.52,883.9,488.34
28/02/1989,362.75,630.63,,,,857.24,657.25,5728.16,860.99,473.27
31/03/1989,369.32,637.65,,,,851.52,644.87,5528.09,866.47,483.49
28/04/1989,374.47,654.52,,,,870.94,677.04,5519.1,878.7,509.31
31/05/1989,364.67,659.13,,,,849.37,653.1,5206.51,817.49,528.51
30/06/1989,368.38,674.75,,,,839.56,703.38,4973.26,824.16,526.08
31/07/1989,400.73,726.82,,,,934.19,774.92,5632.95,948.68,573.84
31/08/1989,434.46,738.04,,,,911.36,765.12,5244.26,926.6,582.06
29/09/1989,433.9,726.22,,,,936.86,798.53,5578.47,921.6,580.36
31/10/1989,415.78,726.23,,,,905.38,760.99,5432.25,834.36,566.74
30/11/1989,405.96,733.48,,,,941.28,839.04,5709.36,878.9,577.98
29/12/1989,427.25,748.02,,,,971.3,1008.4,5698.92,967.64,590.54
31/01/1990,423.98,679.01,,,,925.69,1038.38,5356.12,974.12,551.75
28/02/1990,394.73,680.23,,,,885.75,1017.2,4802.36,947.55,559.47
30/03/1990,384.85,686.11,,,,832.01,1115.12,3871.15,920.21,572.23
30/04/1990,358.94,634.55,,,,819.75,1038.33,3920.01,861.16,560.09
31/05/1990,391.89,681.03,,,,905.82,1050.59,4481.08,989.44,611.39
29/06/1990,408.83,678.35,,,,899.1,1095.67,4271.91,1048.31,608.65
31/07/1990,428.47,692.14,,,,907.02,1175.17,4214.29,1093.53,607.25
31/08/1990,421.77,656.67,,,,821.84,1000.4,3804.25,1035.35,551.22
28/09/1990,397.77,627.36,,,,734.9,823.56,3181.69,943.4,525.18
31/10/1990,361.05,607.81,,,,803.23,929.88,3953.09,1019.61,523.09
30/11/1990,361.64,624.03,,,,789.75,948.37,3478.1,1075.13,556.96
31/12/1990,352.33,650.78,,,,806,914.06,3641.59,1067.25,571.95
31/01/1991,372.7,650.52,,,,835.2,938.67,3745.14,1107.73,598.75
28/02/1991,399.97,693.81,,,,912.22,1004.39,4217.46,1197.64,639.64
29/03/1991,405.97,692.48,,,,885.06,869.69,3955.24,1134.85,654.75
30/04/1991,438.08,699.95,,,,891.7,899.82,4053.74,1120.11,656.82
31/05/1991,425.13,724.93,,,,911.64,957.85,4035.13,1127.74,683.62
28/06/1991,430.3,707.09,,,,855.08,868.4,3744.74,1032.69,651.8
31/07/1991,457.05,718.37,,,,895.19,897.36,3860.51,1153.51,681.83
30/08/1991,453.74,726.65,,,,892.07,908.74,3647.28,1183.18,697.85
30/09/1991,470.69,707.69,,,,915.18,928.46,3965.81,1228.01,685.5
31/10/1991,494.84,739.05,,,,929.75,907,4137.15,1196.98,696.81
29/11/1991,469.84,720.58,,,,888.95,921.37,3844.96,1140.57,668.13
31/12/1991,470.83,722.9,,,,953.38,988.63,3966.56,1238.17,743.92
31/01/1992,457.86,732.5,,,,935.44,995.29,3782.78,1225.84,730.99
28/02/1992,460.98,726.43,,,,919.02,1020.01,3466.92,1212.15,738.83
31/03/1992,464.08,686.46,,,,875.45,997.62,3091.08,1143.54,724.67
30/04/1992,480.36,677.16,,,,887.37,993.01,2900.78,1280.34,745.34
29/05/1992,488.01,680.65,,,,922.38,1055.88,3132.83,1353.47,747.84
30/06/1992,471.44,682.85,,,,891.2,1074.27,2846.39,1302.26,735.88
31/07/1992,460.59,698.22,,,,893.18,1015.42,2813.81,1253.44,766.02
31/08/1992,424.26,682.93,,,,914.61,1014.67,3312.3,1250.46,747.11
30/09/1992,406.2,632.39,,,,905.93,975.18,3232.9,1228.09,754.68
30/10/1992,381.38,648.13,,,,881.1,907.34,3082.77,1130.11,758.73
30/11/1992,384.14,618.88,,,,896.59,901.59,3162.41,1144.5,783.39
31/12/1992,419.91,635.06,,,,903.55,887.1,3115.66,1192.93,791.48
29/01/1993,406.51,622.79,,,,906.3,916.06,3105.5,1166.93,797.89
26/02/1993,437.73,657.4,,,,927.5,963.23,3239.95,1138.47,807.84
31/03/1993,454.96,674.94,,,,981,990.42,3695.73,1221.85,823.92
30/04/1993,457.87,698.56,,,,1026.19,976.72,4352.62,1257.99,805.19
31/05/1993,449.77,708.54,,,,1049.57,974.04,4472.5,1267.08,825.23
30/06/1993,439.55,703.41,,,,1040.5,941.8,4410.47,1254.03,827.24
30/07/1993,482.73,698.22,,,,1061.66,972.93,4689.8,1250.43,825.79
31/08/1993,503.14,703.29,,,,1110.07,1081.32,4792.08,1338.33,855.06
30/09/1993,490.49,668.63,,,,1089.29,1099.44,4564.28,1323.01,846.1
29/10/1993,545.97,731.13,,,,1119.05,1164.83,4543.5,1374.94,860.43
30/11/1993,511.78,714.3,,,,1055.48,1137.2,3789.42,1381.12,854.07
31/12/1993,567.61,746.69,,,,1106.87,1203.22,3909.59,1484.46,863.87
31/01/1994,628.31,793.76,,,,1179.62,1168.05,4540.8,1551.07,894.75
28/02/1994,596.29,754.99,,,,1164.09,1146.12,4748.41,1474.37,869.07
31/03/1994,552.56,722.21,,,,1113.64,1185.8,4545.27,1375.7,830.92
29/04/1994,572.56,714.09,,,,1147.81,1256.87,4739.01,1425.7,842.24
31/05/1994,599.9,722.66,,,,1150.5,1184.24,4842.75,1351.16,855.74
30/06/1994,569.03,675.78,,,,1147.04,1187.72,5081.59,1355.86,831.2
29/07/1994,597.95,706.86,,,,1168.59,1246.16,4899.09,1428.76,858.8
31/08/1994,626.26,746.77,,,,1203.51,1291.91,4932.45,1510.57,892.13
30/09/1994,592.57,763.33,,,,1171.63,1215.24,4810.69,1440.87,872.8
31/10/1994,608.83,753.73,,,,1204.68,1283.02,4942.59,1524.72,892.39
30/11/1994,585.74,711.87,,,,1152.17,1215.6,4693.87,1458.55,861.47
30/12/1994,598.29,723.95,,,,1163.06,1259.35,4747.75,1460.28,873.67
31/01/1995,562.17,686.92,,,,1145.32,1235.44,4470.85,1438.15,897.33
28/02/1995,580.08,724.66,,,,1161.74,1340.14,4254.93,1446.45,932.28
31/03/1995,574.12,755.4,,,,1217.45,1309.38,4646.45,1555.55,956.84
28/04/1995,612.83,768.51,,,,1259.6,1364.83,4873.2,1577.4,986.46
31/05/1995,598.87,800.42,,,,1270.09,1376.16,4570.96,1614.12,1024.56
30/06/1995,592.14,814.07,,,,1269.41,1415.05,4352.53,1615.94,1049.34
31/07/1995,647.28,828.46,,,,1332.64,1498.81,4698.95,1706.31,1084.56
31/08/1995,659.26,828.98,,,,1302.66,1417.77,4510.05,1666.07,1084.21
29/09/1995,655.09,825.1,,,,1340.32,1437.29,4548.31,1716.52,1132.42
31/10/1995,638.77,818.11,,,,1318.93,1419.74,4293.92,1714.72,1131.46
30/11/1995,651.94,848.53,,,,1364.44,1422.52,4548.07,1725.1,1180.77
29/12/1995,665.23,856.51,,,,1404.05,1466.02,4780.59,1770.83,1198.18
31/01/1996,685.21,900.93,,,,1429.15,1529.26,4717.77,1768.18,1240.49
29/02/1996,706.91,892.9,,,,1437.56,1542.81,4633.77,1782.63,1252.97
29/03/1996,703.75,910.37,,,,1461.19,1536.87,4797.31,1772.83,1265.22
30/04/1996,738.3,947.87,,,,1495.25,1480.77,5070.06,1807.36,1283.48
31/05/1996,732.6,962.84,,,,1496.24,1501.91,4809.13,1828.5,1317.29
28/06/1996,708.42,936.43,,,,1503.51,1532.46,4834.57,1817.83,1324.61
31/07/1996,675.2,907.77,,,,1450.07,1536.74,4618.08,1830.51,1265.87
30/08/1996,718.44,948.29,,,,1466.43,1572.09,4411.68,1925.35,1293.75
30/09/1996,719.1,985.87,,,,1523.55,1582.27,4564.53,1969.91,1365.76
31/10/1996,746.67,1063.01,,,,1533.88,1596.67,4258.28,2063.26,1400.22
29/11/1996,777.16,1140.36,,,,1619.54,1659.91,4339.51,2180.84,1505.6
31/12/1996,774.95,1100.98,,,,1593.29,1665.04,4039.55,2256.41,1476.63
31/01/1997,743.45,1155.06,,,,1612.2,1657.82,3599.87,2190.1,1577.32
28/02/1997,764.89,1145.86,,,,1630.44,1726.28,3683.96,2258.65,1588.01
31/03/1997,762.14,1088.28,,,,1597.88,1853.04,3562.59,2282.5,1516.46
30/04/1997,782.79,1113.76,,,,1649.81,1786.25,3691.8,2324.47,1615.89
30/05/1997,797.06,1206.82,,,,1751.34,1861.81,4099.53,2430.73,1706.96
30/06/1997,823.08,1228.04,,,,1838.39,1943.75,4405.91,2464.55,1784.3
31/07/1997,816.66,1307.9,,,,1922.76,2133.62,4271.68,2579.87,1924.95
29/08/1997,760.44,1238.94,,,,1793.83,1922.27,3901.21,2537.72,1810.24
30/09/1997,796.84,1311.19,,,,1890.98,2070.05,3842.23,2757.81,1904.32
31/10/1997,689.25,1249.2,,,,1791.15,1925.18,3484.32,2653.14,1851.97
28/11/1997,674.65,1211.25,,,,1822.54,1991.69,3270.47,2666.2,1941.21
31/12/1997,694.04,1241.86,,,,1844.45,2074.09,3083.33,2766.82,1969.47
30/01/1998,739.89,1219.65,,,,1895.55,2136.51,3358.43,2901.24,1994.4
27/02/1998,752.81,1323.07,,,,2023.46,2272.55,3375.92,3102.47,2133.86
31/03/1998,755.1,1422.73,,,,2108.59,2425.39,3146.25,3266.34,2244.07
30/04/1998,743.88,1429.55,,,,2128.88,2515.08,3133.51,3273.45,2269.91
29/05/1998,701.06,1412.19,,,,2101.89,2717.01,2961.29,3152.6,2223.9
30/06/1998,702.57,1355.24,,,,2151.45,2830.88,3002.89,3201.17,2319.02
31/07/1998,698.18,1258.85,,,,2147.68,2898.42,2963.35,3137.11,2295.59
31/08/1998,603.61,984.38,,,,1860.96,2422.32,2625.43,2909.85,1975.55
30/09/1998,643.44,1009.77,,,,1893.55,2390.72,2553.76,2850.55,2104.88
30/10/1998,698.55,1111.97,,,,2064.4,2490.63,2982.03,3024.29,2267.28
30/11/1998,741.89,1152.78,,,,2186.85,2619.52,3118.38,3159.46,2420.74
31/12/1998,736.16,1165.66,,,,2293.35,2684.46,3239.05,3259.29,2563.07
29/01/1999,780.5,1262.23,,,,2343.24,2728.88,3262.55,3225.6,2673.05
26/02/1999,760.69,1190.26,,,,2280.57,2503.6,3190.95,3297.2,2597.62
31/03/1999,792.63,1239.26,,,,2375.19,2435.74,3633.55,3400.02,2704.85
30/04/1999,873.78,1365.26,,,,2468.49,2593.87,3785.24,3531.58,2801.9
31/05/1999,801.94,1327.66,,,,2377.96,2436.15,3571.92,3336.04,2735.9
30/06/1999,841.81,1382.93,,,,2488.54,2571.53,3910.03,3344.8,2882.25
30/07/1999,841.14,1392.88,,,,2480.74,2530.37,4300.42,3395.51,2788.01
31/08/1999,793.75,1370.29,,,,2475.99,2574.2,4270.38,3382.37,2769.57
30/09/1999,796.89,1409.83,,,,2451.64,2539.53,4529.5,3327.78,2686.54
29/10/1999,778.36,1504.62,,,,2578.74,2677.01,4723.68,3425.03,2861.44
30/11/1999,819.61,1565.2,,,,2650.96,2751.35,4926.22,3467.3,2921.99
31/12/1999,865.84,1792.06,,,,2865.2,3222.54,5231.94,3665.08,3124.95
31/01/2000,834.65,1797.53,,,,2700.79,3110.47,5005.34,3329.43,2956.77
29/02/2000,814.98,1904.76,,,,2707.75,3435.36,4875.58,3224.31,2885.67
31/03/2000,807.88,2074.9,,,,2894.57,3380.14,5277.64,3461.91,3172.92
28/04/2000,786.11,1998.68,,,,2771.85,3087.55,4880.78,3317.51,3069.47
31/05/2000,758.19,1961.07,,,,2701.34,2991.53,4632.35,3205.5,2987.49
30/06/2000,867.73,2207.36,,,,2791.97,2982.77,4950.82,3235.38,3058.36
31/07/2000,814.94,2274.24,,,,2713.04,2971.5,4380.68,3257.34,3002.86
31/08/2000,823.54,2473.99,,,,2800.95,2834.84,4664.3,3291.93,3158.18
29/09/2000,787.31,2224.03,,,,2651.69,2686.67,4432.54,3201.77,2985.6
31/10/2000,736.61,2029.57,,,,2606.94,2706.15,4175.49,3224.44,2963.54
30/11/2000,752.99,1847.54,,,,2448.33,2507.26,4002.01,3034.82,2728.68
29/12/2000,779.66,1887.7,100,100,,2487.61,2720.19,3758.62,3242.41,2723.62
31/01/2001,811.16,1979.89,114.5,113.76,,2535.52,2821.69,3713.91,3189.01,2822.46
28/02/2001,774.12,1664.19,104.05,104.84,,2320.95,2592.28,3546.86,2977.99,2569.24
30/03/2001,691.96,1511.67,87.17,94.5,,2168.12,2320.87,3441.57,2843.55,2404.76
30/04/2001,773.39,1619.37,96.02,99.16,,2327.94,2480.93,3675.39,3021.96,2591.42
31/05/2001,777.78,1649.14,98.64,100.3,,2297.6,2323.09,3666.58,2921.43,2605.84
29/06/2001,802.5,1585.89,101.89,98.21,,2225.29,2309.1,3448.19,2821.85,2545.7
31/07/2001,761.1,1578.55,88.09,91.96,,2195.55,2319.24,3191.27,2824.64,2521.2
31/08/2001,765.14,1492.5,69.02,91.04,,2089.84,2153.95,3111.43,2797.86,2352.66
28/09/2001,668.98,1353.13,66.67,76.93,,1905.41,1804.04,2820.74,2613.79,2172.11
31/10/2001,727.93,1354.66,68.37,81.7,,1941.8,1883.37,2814.93,2664.24,2203.21
30/11/2001,783.82,1478.9,75.04,90.23,,2056.38,2048.69,2845.47,2722.31,2371.9
31/12/2001,792.74,1502,75.29,97.39,,2069.1,2111.26,2653.44,2786.92,2386.12
31/01/2002,794.88,1490.79,68.23,100.67,,2006.2,2014.99,2445.72,2669.43,2351.73
28/02/2002,799.38,1474.99,68.78,102.3,,1988.56,1988.41,2547.23,2656.55,2304.7
29/03/2002,826.5,1527.56,72.66,108.42,,2076.16,2147.32,2693.31,2779.49,2390.04
30/04/2002,816.18,1515.52,75.83,109.12,,2005.59,2083.42,2850.1,2788.36,2234.45
31/05/2002,867.1,1548.14,76.99,107.36,100,2008.93,2061.32,3027.76,2742.77,2216.78
28/06/2002,824.29,1460.09,74.41,99.27,102.29,1886.69,2000.21,2869.98,2626.93,2047.01
31/07/2002,762.52,1295.74,71.15,91.68,100.72,1727.5,1669.84,2670.62,2450.09,1899.2
30/08/2002,780.63,1311.64,69.77,93.08,104.14,1730.45,1677.09,2642.26,2424.54,1907.35
30/09/2002,736.96,1205.81,64.22,83.04,100.6,1539.93,1268.69,2524.17,2173.57,1691.34
31/10/2002,776.51,1242.15,64.58,88.43,101.44,1653.39,1446.06,2348.48,2343.9,1844.17
29/11/2002,796.96,1314.62,67.25,94.52,107.17,1742.29,1528,2443.45,2414.44,1954.16
31/12/2002,782.14,1303.96,64.71,91.38,111.26,1657.64,1410.72,2380.63,2362.34,1835.2
31/01/2003,796.21,1340.3,67.81,90.97,113.79,1607.12,1376.28,2284.14,2195.73,1790.16
28/02/2003,784.93,1386.94,66.12,88.42,111.01,1578.99,1280.9,2297.49,2160.36,1761.86
31/03/2003,812.61,1368.57,63.57,85.89,114.42,1573.78,1232.61,2193.53,2158.27,1777.55
30/04/2003,876.99,1455.41,63.66,93.53,125.78,1713.25,1521.25,2176.38,2382.77,1925.36
30/05/2003,906.34,1579.67,71.79,100.22,129.9,1810.79,1620.05,2281.91,2529.03,2027.59
30/06/2003,941.39,1621.15,76.39,105.9,128.39,1841.9,1702.39,2450.16,2550.7,2051.85
31/07/2003,938.38,1626.26,83.96,112.48,133.56,1879.09,1803.2,2549.6,2566.6,2089.1
29/08/2003,960.76,1710.83,89.55,120.01,135.56,1919.46,1773.16,2818.26,2549.07,2127.28
30/09/2003,997.81,1740.1,90.24,120.88,145.25,1931.01,1760.19,2985.37,2639.19,2101.85
31/10/2003,1082.19,1857.16,103.96,131.17,148.49,2045.4,1969.76,3122.01,2818.48,2220.83
28/11/2003,1077.72,1912.15,105,132.76,153.09,2076.32,2074.51,3025.62,2902.19,2241.22
31/12/2003,1169,2015.86,121.38,142.38,159.61,2206.42,2310.78,3235.41,3119.65,2356.52
30/01/2004,1167.34,2036.96,120.6,147.35,164.24,2241.83,2336.05,3293.94,3110.14,2398.43
27/02/2004,1221.16,2081.05,128.11,154.11,166,2279.37,2316.66,3284.27,3252.36,2426.32
31/03/2004,1238.31,2070.79,117.31,156.03,158.14,2264.24,2207.16,3725.26,3176.1,2386.85
30/04/2004,1164.9,1898.11,101.98,143.26,160.26,2217.87,2217.21,3523.28,3153.71,2349.39
31/05/2004,1171.81,1948.47,108.99,140.4,162.05,2238.07,2225.14,3399.57,3222.51,2379.51
30/06/2004,1170,2031,108.32,141,164.32,2284.02,2289.83,3582.66,3223.1,2423.39
30/07/2004,1173,2032.6,108.72,138.41,168.09,2209.45,2177.43,3370.28,3191.04,2340
31/08/2004,1194.34,2032.97,109.17,144.16,168.14,2219.16,2136.59,3394.69,3209.34,2350.74
30/09/2004,1272.11,2186.74,117.27,152.47,172.9,2261.14,2249.39,3315.05,3312.57,2375.51
29/10/2004,1348.47,2324.29,114.41,156.12,174.99,2316.47,2340.77,3401.62,3393.27,2410.92
30/11/2004,1461.7,2418.9,125.92,170.57,187.67,2438.16,2547.24,3565.79,3612.73,2508.69
31/12/2004,1523.67,2463.47,123.68,178.76,195.64,2531.23,2684.39,3748.68,3730.2,2595.39
31/01/2005,1534.79,2365.42,120.98,179.21,209.02,2474.24,2579.49,3661.62,3703.49,2530.41
28/02/2005,1617.17,2516.99,129.94,194.85,238.74,2552.62,2684.18,3737.07,3883.23,2581.55
31/03/2005,1551.29,2551.84,123.25,181.97,257.56,2503.07,2623.42,3659.74,3780.68,2539.2
29/04/2005,1526.24,2413.17,123.76,177.09,276.85,2448.53,2502.59,3565.58,3740.93,2492.42
31/05/2005,1524.03,2465.78,124.96,183.25,262.72,2492.03,2550.89,3533.09,3705.51,2572.54
30/06/2005,1609.06,2615.19,130.17,189.48,308.89,2513.59,2574.47,3529.58,3764.45,2577.78
29/07/2005,1647.01,2758.43,139.62,202.72,293.52,2601.4,2754.09,3564.74,3813.91,2673.73
31/08/2005,1659.92,2921.09,140.38,204.46,324.47,2621,2762.78,3812.76,3927.66,2647.26
30/09/2005,1779.93,3096.08,148.64,223.5,351.31,2689.08,2825.11,4206.7,3997.07,2669.01
31/10/2005,1669.14,2872.58,134.08,208.89,355.85,2623.84,2737.85,4156.25,3875.35,2624.38
30/11/2005,1728.63,3027.09,143.52,226.17,351.36,2711.26,2834.13,4333.66,3892.36,2728.37
30/12/2005,1767.74,3160.78,148.12,239.53,337.85,2771.33,2950.69,4705.31,4004.48,2728.81
31/01/2006,1893.59,3438.08,168.97,266.29,334.65,2895.08,3199.91,4942.56,4243.16,2802.46
28/02/2006,1864.16,3375.06,174.29,265.97,314.93,2890.77,3216.18,4900.64,4215.27,2803.45
31/03/2006,1871.23,3426.15,179.86,268.32,305.06,2954.33,3357.94,5024.24,4336.15,2838.25
28/04/2006,2042.85,3592.88,189.28,287.43,300.29,3044.03,3522.77,5170.39,4593.41,2874.62
31/05/2006,1928.41,3496.82,179.52,257.31,282.06,2940.05,3380.13,4848.83,4504.62,2787.75
30/06/2006,1940.58,3440.43,183.24,256.68,275.27,2939.19,3346.48,4795.06,4549.64,2789.82
31/07/2006,1964.17,3450.02,188.1,260.3,273.32,2957.53,3334.81,4768.52,4653.85,2798.28
31/08/2006,2020.27,3588.16,192.2,266.93,293.25,3034.3,3456.24,4840.09,4766.55,2863.81
29/09/2006,1990.85,3479.69,199.36,269.15,295.27,3070.48,3508.3,4760.73,4742.65,2935.68
31/10/2006,2154.46,3646.05,213.11,281.94,308.56,3183.17,3684.04,4843.59,4979.44,3035.09
30/11/2006,2239.71,3749.85,236.4,302.89,287.37,3261.12,3853.36,4877.93,5100.63,3093.06
29/12/2006,2313.25,3723.55,270.87,316.53,307.73,3327.43,4012.62,4999.14,5230.16,3129.25
31/01/2007,2318.46,3712.55,259.39,313.19,314.73,3366.71,4068.97,5041.43,5222,3184.99
28/02/2007,2397.25,3738.69,254.84,311.33,324.46,3349.19,4105.95,5244.23,5214.6,3124.59
30/03/2007,2526.58,3840.98,264.66,323.68,333.09,3410.5,4285.91,5174.91,5387.61,3157.24
30/04/2007,2677.71,4073.33,274.62,339.04,345.41,3560.91,4691.31,5074.19,5626.37,3291.66
31/05/2007,2717.02,4420.98,295.31,355.5,376.76,3660.68,4887.15,5156.99,5722.07,3404.71
29/06/2007,2787.09,4413.27,329.37,372.16,387.69,3632.44,4978.98,5141.53,5796.35,3346.55
31/07/2007,2749,4401.98,363.45,391.8,394.12,3552,4797.43,5133.17,5651.19,3241.97
31/08/2007,2697.22,4402.27,389.64,383.47,387.67,3549.3,4805.38,4982.37,5603.64,3289.15
28/09/2007,3097.44,4832.67,467.33,425.82,401.94,3718.09,5162.56,5097.31,5806.04,3412.46
31/10/2007,3330.74,5284.95,544.88,473.31,419.79,3832.13,5402.84,5077.86,6155.39,3468.9
30/11/2007,3078.91,4697.13,471.24,439.75,413.23,3675.49,5335.72,4984.79,5824.42,3320.17
31/12/2007,2968.76,4824.45,450.29,441.3,436.8,3628.07,5425.31,4787.48,5667.5,3299.54
31/01/2008,2694.94,4516.18,353.2,386.23,432.32,3350.82,4674.7,4568.68,5161.36,3098.16
29/02/2008,2774.98,4794.52,391.28,414.74,451.36,3331.42,4736.23,4600.15,5182.52,2999.82
31/03/2008,2620.19,4529.49,343.63,392.79,429.13,3299.49,4787.94,4413.56,5071.12,2987.29
30/04/2008,2841.52,4848.97,397.27,424.66,443.81,3472.91,4997.67,4734.24,5399.32,3134.12
30/05/2008,2906.69,5216.24,377.58,432.54,444.88,3525.86,5076.29,4853.4,5366.99,3182.14
30/06/2008,2725.68,5027.01,331.74,389.4,438.39,3244.65,4672.57,4522.54,5030.67,2921.23
31/07/2008,2534.51,4675.71,339.39,374.71,425.94,3165.37,4623.6,4368.4,4824.41,2886.61
29/08/2008,2425.08,4583.13,311.62,344.78,390.62,3120.91,4341.17,4194.62,4668.83,2924.28
30/09/2008,2001.77,3931.02,248.08,284.44,338.21,2749.71,3711.9,3724.41,3975.63,2654.58
31/10/2008,1490.8,2869.8,191.66,206.6,254.19,2228.36,2859.32,3173.85,3221.82,2199.44
28/11/2008,1377.94,2705.93,200.38,191.04,222.55,2084.12,2603.38,3134.31,3014.39,2035.19
31/12/2008,1464.38,2628.63,221.42,205.94,200.28,2150.99,2936.76,3389.02,2927.75,2059.87
30/01/2009,1271.3,2535.03,203.04,192.64,163.65,1962.55,2443,3158.67,2745.65,1891.25
27/02/2009,1223.68,2316.81,196.59,181.78,152.76,1761.67,2136.42,2767.56,2520.86,1695.52
31/03/2009,1441.26,2533.26,224.37,207.9,165.33,1894.51,2362.9,2825.67,2614.7,1839.71
30/04/2009,1603.44,2884.8,249.24,242.5,183.57,2107.04,2757.57,3097.66,2944.32,2015.4
29/05/2009,1762.58,3496.37,292.29,283.93,217.19,2297.95,3022.73,3416.77,3352.27,2124.65
30/06/2009,1849.82,3305.63,304.21,280.11,223.26,2287.58,2918.98,3476.85,3309.59,2128.34
31/07/2009,2039.22,3701.16,337.17,311.6,227.3,2481.33,3262.75,3625.55,3616.3,2287.83
31/08/2009,2205.88,3646.93,313.46,310.49,240.25,2583.7,3398.81,3768.22,3816,2365.76
30/09/2009,2462.48,3910.08,327.99,338.67,247.37,2686.68,3597.2,3703.32,3922.35,2456.4
30/10/2009,2464.11,3707.89,349.12,339.09,240.07,2638.88,3454.03,3610.45,3972.83,2407.96
30/11/2009,2540.56,3981.99,357.7,353.65,225.89,2746.71,3631.53,3573.43,4087.92,2549.37
31/12/2009,2583.66,4105.52,359.35,367.62,223.54,2796.03,3675.48,3600.99,4195.53,2600.68
29/01/2010,2402.87,3801.07,328.32,347.12,218.79,2680.47,3356.01,3669.34,3993.64,2508.7
26/02/2010,2484.14,4019.62,335.52,348.34,230.97,2718.26,3281.34,3710.41,3935.5,2584.37
31/03/2010,2690.93,4351.63,353.69,376.46,248.97,2886.6,3578.18,3895.71,4170.29,2737.91
30/04/2010,2675.81,4413.46,352.43,381.02,249.06,2887.01,3507.45,3889.62,4123.41,2780.94
31/05/2010,2228.87,4109.68,333.2,347.51,226.26,2610.47,3127.42,3575.07,3674.57,2555.04
30/06/2010,2179.98,3895.3,337.34,344.96,224.23,2520.96,3120.38,3503.34,3592.65,2418
30/07/2010,2445.66,4173.21,352.07,373.68,237.39,2725.34,3416.62,3628.05,4028.66,2586.09
31/08/2010,2370.21,4091.84,342.38,366.43,238.35,2623.59,3214.08,3545.18,3948.69,2469.51
30/09/2010,2694.8,4409.36,373.38,407.14,256.17,2868.23,3640.02,3707.45,4302.87,2692.78
29/10/2010,2772.03,4546.5,387.91,418.97,266.53,2975.15,3924.24,3783.08,4472.61,2797.87
30/11/2010,2676.01,4593.02,378.69,407.91,264.18,2910.91,3724.88,3862.6,4252.53,2799.07
31/12/2010,2958.88,4945.19,375.98,437.01,276.63,3124.94,3985.64,4156.86,4562.91,2984.85
31/01/2011,2891.37,4965.11,374.02,425.16,276.66,3195.54,4156.45,4162.12,4652.96,3055.51
28/02/2011,3023.98,5326.08,367.28,421.19,258.23,3307.42,4301.49,4351.92,4853.42,3155.95
31/03/2011,3090.42,5323.91,386.82,445.96,261.45,3274.81,4283.49,3952.1,4735.24,3158.29
29/04/2011,3268.78,5386.12,392.98,459.79,273.53,3413.93,4761.11,3966.52,5070.46,3253.89
31/05/2011,3104.68,5221.54,394.24,447.73,263.06,3343.11,4463.95,3901.93,4959.86,3216.52
30/06/2011,3071.85,5072.1,379.48,440.84,260.72,3290.22,4552.16,3959.08,4817.06,3160.45
29/07/2011,3004.34,4963.02,376.36,438.89,254.2,3230.56,4374.86,4099.3,4820.32,3097.86
31/08/2011,2871.57,4786.2,341.28,399.67,241.15,3002.94,3562.05,3766.12,4467.87,2924.32
30/09/2011,2451.76,4109.91,283.77,341.4,229.26,2743.58,3141.03,3704.16,4075.25,2712.72
31/10/2011,2868.81,4538.35,326.79,386.62,234.3,3027.36,3646.87,3695.02,4566.54,3009.53
30/11/2011,2676.54,4415.38,299.34,360.85,227.38,2953.45,3493.72,3531.87,4442.82,2998.71
30/12/2011,2634.74,4316.44,306.77,356.5,224.82,2951.81,3264.9,3561.13,4446.09,3025.49
31/01/2012,2867.17,4572.16,339.98,396.94,226.09,3099.94,3609.74,3722.12,4603.07,3166.9
29/02/2012,2953.67,4734.41,362.13,420.71,231.73,3251.37,3912.97,3909.95,4842.93,3304
30/03/2012,2870.48,4591.89,337.19,406.67,237.19,3293.17,3947.69,3962.28,4785.19,3408.23
30/04/2012,2926.18,4614.49,349.17,401.81,234.95,3255.77,3822.49,3835.74,4846.61,3386.49
31/05/2012,2547.84,4118.46,312.3,356.75,222.2,2974.72,3298.84,3493.33,4290.65,3175.95
29/06/2012,2724.93,4235.91,318.73,370.52,221.18,3126.3,3457.04,3672.9,4595.2,3299.8
31/07/2012,2927.86,4328.12,323.26,377.75,223.46,3166.49,3544.15,3585.19,4648.98,3343.31
31/08/2012,2933.19,4511.86,313.12,376.49,227.96,3246.76,3728.48,3559.16,4805.78,3419.1
28/09/2012,3010.26,4677.73,333.6,399.21,237.49,3335.97,3938.74,3641.94,4919.1,3504.62
31/10/2012,3089.86,4660.39,352.66,396.78,235.85,3313.42,4004.01,3573.74,4950.4,3439.93
30/11/2012,3125.03,4637.91,359.25,401.82,239.75,3355.85,4108.5,3658.6,5020.61,3459.29
31/12/2012,3216.22,4708.75,376.55,421.47,244.72,3418.96,4273.8,3852.42,5124.34,3489.35
31/01/2013,3393.3,4794.03,392.08,427.28,263.02,3593.12,4503.05,3993.87,5322.74,3672.62
28/02/2013,3525.74,4725.28,376.66,421.91,262.91,3599.05,4326.57,4100.35,5189.79,3717.22
29/03/2013,3507.59,4750.03,359.45,414.64,264.74,3683.36,4281.42,4300.57,5251.51,3855.32
30/04/2013,3671.41,4679.94,363.54,417.77,274.3,3799.35,4448.38,4677.76,5413.31,3930.27
31/05/2013,3227.17,4655.05,360.35,407.05,287.99,3800.78,4586.38,4412.8,5419.94,4010.14
28/06/2013,3019.03,4394.93,335.15,381.14,272,3707.13,4397.32,4489.94,5138.23,3954.7
31/07/2013,3104.36,4647.21,348.71,385.12,286.07,3902.3,4682.62,4517.01,5476.8,4161.09
30/08/2013,3151.85,4602.86,357.18,378.5,279.57,3819.24,4561.08,4419.82,5453.21,4043.55
30/09/2013,3379.59,4782.65,375.96,403.12,289.14,4010.24,4956.38,4789.02,5757.02,4175.55
31/10/2013,3567.71,4939.72,385.39,422.7,296.25,4167.22,5239.41,4788.97,5958.66,4359.33
29/11/2013,3410.71,4894.81,404.13,416.52,301.51,4241.28,5462.23,4860.19,6018.76,4480.64
31/12/2013,3350.13,4973.71,390.27,410.5,308.09,4331.02,5614.37,4898.87,6183.39,4598.64
31/01/2014,3168.47,4767.86,364.12,383.85,310.73,4170.61,5337.17,4709.86,5917.78,4441.15
28/02/2014,3413.15,4978.85,373.68,396.56,321.43,4379.39,5694.9,4684.6,6333.06,4646.67
31/03/2014,3548.5,5051.32,367.38,408.73,330.91,4385.73,5595.63,4624.27,6132.17,4676.54
30/04/2014,3614.85,5198.07,359,410.1,349.8,4430.67,5643.64,4504.88,6410.18,4703.09
30/05/2014,3654.59,5238.69,375.74,424.41,370.92,4517.84,5725.47,4687.04,6462.12,4812.04
30/06/2014,3646.86,5550.18,387.66,435.69,370.37,4598.66,5687.74,4932.14,6503.32,4912.78
31/07/2014,3751.22,5545.85,418.99,444.11,376.81,4525.27,5321.46,4960.7,6421.15,4841.88
29/08/2014,3790.04,5670.09,419.93,454.12,373.4,4624.99,5273.83,4852.98,6445.12,5033.03
30/09/2014,3357.55,5302.34,393.15,420.46,376.02,4499.46,5052.59,4818.47,6109.34,4952.13
31/10/2014,3534.85,5149.9,410.1,425.42,359.42,4528.57,4950.33,4755.67,5966.1,5069.9
28/11/2014,3312.55,5150.22,416.52,420.92,342.96,4619.32,5265.52,4770.27,6012.13,5200.73
31/12/2014,3235.74,5048.56,421.34,401.52,329.16,4544.84,5032.83,4701.84,5850.31,5182.28
30/01/2015,3178.28,4627.67,430.88,403.93,315.73,4462.49,5122.01,4811.65,5791.15,5034.45
27/02/2015,3421.12,4902.4,444.84,416.44,324.99,4723.94,5433.02,5103.61,6154.19,5325.15
31/03/2015,3335.84,4743.44,455.55,410.51,318.93,4649.99,5449.61,5181.84,5794.18,5245.79
30/04/2015,3374.62,5072.14,531.51,442.09,330.89,4759.05,5436.85,5365.36,6195.23,5292.14
29/05/2015,3281.66,4842.3,511.84,424.38,319.08,4775.44,5282.9,5435.28,6187.89,5359.1
30/06/2015,3129.48,4699.71,483.07,413.36,318.79,4664.4,5145.12,5342.09,5967.25,5255.06
31/07/2015,3122.85,4527,431.06,384.71,309.45,4748.12,5283.41,5367.23,6070.56,5357.44
31/08/2015,2766.2,4234.74,380.69,349.91,291.7,4433.92,4886.85,5055.3,5619.24,5029.12
30/09/2015,2649.86,4035.1,373.34,339.39,285.08,4270.38,4584.78,4711.49,5369.04,4893.42
30/10/2015,2804.56,4203.85,407.24,363.6,295.53,4608.78,5071.63,5186.88,5760.18,5295.18
30/11/2015,2827.87,4119.4,393.5,349.41,282.42,4585.85,5072.15,5135.08,5628.69,5309.82
31/12/2015,2913.69,3828.85,388.37,341.62,281.58,4505.24,4937.86,5151.75,5407.99,5217.81
29/01/2016,2665.23,3732.45,338.98,319.46,262.31,4235.72,4497.19,4727.99,5081.93,4938.73
29/02/2016,2640.3,3874.52,330.4,318.94,271.48,4204.19,4381.49,4598.33,5037.79,4924.41
31/03/2016,2974.83,4260.65,369.73,361.14,278.92,4489.49,4814.31,4815.86,5281.6,5258.51
29/04/2016,3059.88,4545.83,369,363.11,287.45,4560.53,4867.2,5039.74,5464.46,5282.72
31/05/2016,2986.64,4389.05,366.23,349.56,290.34,4586.14,4820.08,4987.4,5438.03,5375.46
30/06/2016,2988.53,4405.38,370.15,363.53,280.24,4534.75,4546.01,4864.52,5242.81,5386.68
29/07/2016,3232.49,4554.09,383.07,381.82,283.7,4726.34,4883.53,5179.82,5387.86,5589.16
31/08/2016,3147.85,4568.55,411.29,391.31,280.49,4730.27,4981.42,5199.6,5396.6,5593.46
30/09/2016,3225.04,4618.94,421.69,396.35,287.67,4755.39,5000.97,5282.86,5451.35,5597.1
31/10/2016,3156.52,4577.9,413.52,397.29,286.52,4663.36,4925.18,5352.56,5170.61,5489.02
30/11/2016,3167.86,4686.69,408.57,379,281.42,4730.42,4743.02,5223.47,5187.91,5682.74
30/12/2016,3247.26,4769.38,391.86,379.84,289.08,4843.61,5073.69,5274.15,5402.54,5786.24
31/01/2017,3385.8,4947.01,418.45,400.63,308.33,4960.51,5232.01,5470.38,5472.23,5904.26
28/02/2017,3512.81,4869.02,433.26,412.89,307.21,5098.13,5265.65,5531.54,5581.67,6132.22
31/03/2017,3603.7,4888.9,442.51,423.31,314.79,5152.44,5498.1,5511.18,5674.64,6138.11
28/04/2017,3578.48,4785.34,454.31,432.58,318.45,5228.73,5662.55,5569,5792.53,6202.36
31/05/2017,3437.82,4774.13,478.28,445.37,332.05,5339.34,5912.19,5736.54,6060.22,6282.29
30/06/2017,3536.21,4920.07,489.29,449.85,334.09,5359.88,5851.11,5797.39,5942.67,6319.03
31/07/2017,3693.46,5114.19,532.76,476.67,341.13,5488.15,5957.87,5914.67,6095.98,6444.9
31/08/2017,3685.56,5120.56,555.23,487.3,353.7,5495.88,5972.34,5911.62,6049.03,6461.3
29/09/2017,3647.11,5309.83,561,485.36,360.93,5619.23,6304.05,6027.47,6249.62,6590.65
31/10/2017,3698.93,5298.19,583.3,502.38,365.35,5725.43,6400.59,6305.34,6287.57,6739.37
30/11/2017,3718.1,5330.83,592.39,503.39,369.61,5849.48,6477.29,6493.93,6294.72,6939.44
29/12/2017,3894.59,5535.94,603.73,521.46,381.17,5928.59,6479.13,6539.2,6607.11,7012.18
31/01/2018,4009.66,5586.97,679.12,564.92,403.02,6241.62,6863.16,6838.9,6808.16,7412.43
28/02/2018,3870.42,5177.25,635.63,538.86,397.01,5983.05,6366.99,6735.9,6372.65,7136.03
30/03/2018,3654.91,5128.97,614.71,528.85,400.61,5852.64,6247.1,6593.68,6350.78,6958.8
30/04/2018,3744.29,5253.98,614.57,526.5,388,5919.89,6368.72,6637.67,6657.55,6984.49
31/05/2018,3798.01,5357.59,625.85,507.85,352.23,5956.99,6145.48,6572.29,6601.58,7149.83
29/06/2018,3844.96,5368.58,593.18,486.75,339.75,5954.15,6000.03,6406.74,6537.93,7195.71
31/07/2018,3930.39,5497.94,578.39,497.44,352.21,6140.11,6258.14,6432.33,6595.12,7451.54
31/08/2018,3860.53,5416.79,556.43,483.99,333.22,6216.09,6068.77,6446.57,6318.57,7693.32
28/09/2018,3808.97,5411.64,548.65,481.42,333.03,6250.7,5965.73,6642.41,6429.22,7725.44
31/10/2018,3520.35,4988.72,485.72,439.5,321.27,5791.72,5462,6080.78,5995.03,7186.72
30/11/2018,3542.36,5002.66,521.32,457.61,328.22,5857.52,5350.75,6104.82,5895.02,7321.5
31/12/2018,3427.53,4583.81,489.77,445.49,318.62,5412.12,5042.53,5696.98,5671.9,6658.75
31/01/2019,3674.54,5181.11,543.93,484.49,333.77,5833.22,5376.65,6044.49,6073.86,7203.5
28/02/2019,3797.76,5324.71,562.71,485.58,336.44,6008.62,5469.85,6042.51,6279.84,7439.47
29/03/2019,3818.03,5288.42,576.42,489.66,340.51,6087.54,5390.78,6076.68,6346.19,7573.78
30/04/2019,3863.97,5448.84,589.26,499.97,341.1,6303.4,5759.63,6160.95,6489.27,7874.86
31/05/2019,3891.95,5230.59,512.14,463.69,348.47,5939.69,5380.08,5916.98,6099.6,7371.93
28/06/2019,4096.69,5546.68,553.27,492.63,356.48,6331.08,5774.59,6138.42,6404.03,7886.43
31/07/2019,4122.34,5514.28,550.27,486.6,365.42,6362.44,5573.45,6146.97,6288.59,8005.45
30/08/2019,3943.82,5449.92,527.24,462.88,359.61,6232.3,5408.97,6084.68,5994.46,7860.96
30/09/2019,4039.73,5571.81,527.11,471.72,352.58,6364.93,5541.68,6330.62,6244.35,7997.34
31/10/2019,4110.28,5560,548.38,491.61,355.44,6526.9,5869.51,6637.83,6419.57,8168.6
29/11/2019,4151.72,5696.52,558.16,490.93,360.29,6708.68,5975.6,6675.1,6529.34,8470.36
31/12/2019,4213.15,5844.19,604.66,527.55,375.94,6909.66,6089.98,6814.29,6865.68,8714.67
31/01/2020,4216.95,5819.57,575.61,502.96,375.72,6867.6,5903.11,6721.58,6605.55,8728.58
28/02/2020,3753.18,5394.65,581.21,476.44,353.63,6287.12,5357.63,6106.9,5816.94,8011.77
31/03/2020,2812.45,4235.2,542.89,403.06,275.96,5455.06,4445.44,5670.4,4887.95,6991.83
30/04/2020,3242.47,4758.07,577.17,439.97,294.56,6051,4875.88,5976.01,5139.32,7908.79
