Date,AGG
29/09/2003,59.06
30/09/2003,59.37
1/10/2003,59.34
2/10/2003,59.25
3/10/2003,58.82
6/10/2003,58.90
7/10/2003,58.70
8/10/2003,58.85
9/10/2003,58.64
10/10/2003,58.96
13/10/2003,58.70
14/10/2003,58.59
15/10/2003,58.44
16/10/2003,58.29
17/10/2003,58.56
20/10/2003,58.53
21/10/2003,58.64
22/10/2003,58.90
23/10/2003,58.76
24/10/2003,59.05
27/10/2003,58.93
28/10/2003,59.16
29/10/2003,58.90
30/10/2003,58.90
31/10/2003,58.81
3/11/2003,58.71
4/11/2003,58.82
5/11/2003,58.82
6/11/2003,58.50
7/11/2003,58.53
10/11/2003,58.64
11/11/2003,58.54
12/11/2003,58.65
13/11/2003,59.08
14/11/2003,59.12
17/11/2003,59.37
18/11/2003,59.34
19/11/2003,59.07
20/11/2003,59.27
21/11/2003,59.33
24/11/2003,59.08
25/11/2003,59.32
26/11/2003,59.10
28/11/2003,59.01
1/12/2003,58.85
2/12/2003,58.83
3/12/2003,58.89
4/12/2003,58.97
5/12/2003,59.27
8/12/2003,59.27
9/12/2003,58.94
10/12/2003,59.17
11/12/2003,59.38
12/12/2003,59.42
15/12/2003,59.38
16/12/2003,59.42
17/12/2003,59.56
18/12/2003,59.65
19/12/2003,59.68
22/12/2003,59.65
23/12/2003,59.42
24/12/2003,59.46
26/12/2003,59.76
29/12/2003,59.61
30/12/2003,59.50
31/12/2003,59.59
2/01/2004,59.25
5/01/2004,59.32
6/01/2004,59.59
7/01/2004,59.72
8/01/2004,59.70
9/01/2004,60.20
12/01/2004,60.03
13/01/2004,60.17
14/01/2004,60.16
15/01/2004,60.24
16/01/2004,60.19
20/01/2004,60.14
21/01/2004,60.18
22/01/2004,60.29
23/01/2004,60.14
26/01/2004,59.91
27/01/2004,59.99
28/01/2004,59.87
29/01/2004,59.73
30/01/2004,59.85
2/02/2004,59.87
3/02/2004,60.03
4/02/2004,60.03
5/02/2004,59.87
6/02/2004,60.11
9/02/2004,60.15
10/02/2004,60.02
11/02/2004,60.26
12/02/2004,60.26
13/02/2004,60.53
17/02/2004,60.39
18/02/2004,60.34
19/02/2004,60.40
20/02/2004,60.22
23/02/2004,60.38
24/02/2004,60.33
25/02/2004,60.47
26/02/2004,60.37
27/02/2004,60.53
1/03/2004,60.56
2/03/2004,60.35
3/03/2004,60.28
4/03/2004,60.43
5/03/2004,60.88
8/03/2004,61.08
9/03/2004,61.17
10/03/2004,61.10
11/03/2004,61.23
12/03/2004,61.05
15/03/2004,61.06
16/03/2004,61.20
17/03/2004,61.17
18/03/2004,61.12
19/03/2004,61.05
22/03/2004,61.21
23/03/2004,61.22
24/03/2004,61.25
25/03/2004,61.22
26/03/2004,61.00
29/03/2004,60.89
30/03/2004,60.65
31/03/2004,60.95
1/04/2004,60.98
2/04/2004,60.42
5/04/2004,60.05
6/04/2004,60.22
7/04/2004,60.07
8/04/2004,60.11
12/04/2004,60.09
13/04/2004,59.98
14/04/2004,59.81
15/04/2004,59.72
16/04/2004,59.88
19/04/2004,59.81
20/04/2004,59.61
21/04/2004,59.47
22/04/2004,59.69
23/04/2004,59.57
26/04/2004,59.55
27/04/2004,59.70
28/04/2004,59.42
29/04/2004,59.25
30/04/2004,59.24
3/05/2004,59.15
4/05/2004,59.25
5/05/2004,59.18
6/05/2004,58.99
7/05/2004,58.49
10/05/2004,58.40
11/05/2004,58.55
12/05/2004,58.47
13/05/2004,58.46
14/05/2004,58.47
17/05/2004,58.76
18/05/2004,58.79
19/05/2004,58.69
20/05/2004,58.85
21/05/2004,58.76
24/05/2004,58.81
25/05/2004,58.79
26/05/2004,58.93
27/05/2004,59.22
28/05/2004,59.01
1/06/2004,58.94
2/06/2004,58.97
3/06/2004,58.94
4/06/2004,58.82
7/06/2004,58.88
8/06/2004,58.74
9/06/2004,58.76
10/06/2004,58.70
14/06/2004,58.53
15/06/2004,59.03
16/06/2004,58.91
17/06/2004,58.97
18/06/2004,59.06
21/06/2004,59.14
22/06/2004,59.12
23/06/2004,59.07
24/06/2004,59.29
25/06/2004,59.28
28/06/2004,59.08
29/06/2004,58.97
30/06/2004,59.44
1/07/2004,59.52
2/07/2004,59.90
6/07/2004,59.85
7/07/2004,59.82
8/07/2004,59.88
9/07/2004,59.71
12/07/2004,59.88
13/07/2004,59.82
14/07/2004,59.85
15/07/2004,59.74
16/07/2004,60.14
19/07/2004,60.05
20/07/2004,59.89
21/07/2004,59.75
22/07/2004,59.88
23/07/2004,60.01
26/07/2004,59.74
27/07/2004,59.60
28/07/2004,59.69
29/07/2004,59.55
30/07/2004,59.99
2/08/2004,59.97
3/08/2004,60.06
4/08/2004,60.19
5/08/2004,60.23
6/08/2004,60.62
9/08/2004,60.66
10/08/2004,60.50
11/08/2004,60.54
12/08/2004,60.66
13/08/2004,60.78
16/08/2004,60.71
17/08/2004,60.89
18/08/2004,60.69
19/08/2004,60.90
20/08/2004,60.72
23/08/2004,60.74
24/08/2004,60.74
25/08/2004,60.75
26/08/2004,60.86
27/08/2004,60.90
30/08/2004,60.96
31/08/2004,60.96
1/09/2004,61.18
2/09/2004,60.94
3/09/2004,60.91
7/09/2004,60.90
8/09/2004,61.09
9/09/2004,61.03
10/09/2004,61.16
13/09/2004,61.22
14/09/2004,61.28
15/09/2004,61.25
16/09/2004,61.43
17/09/2004,61.18
20/09/2004,61.44
21/09/2004,61.42
22/09/2004,61.62
23/09/2004,61.44
24/09/2004,61.46
27/09/2004,61.44
28/09/2004,61.54
29/09/2004,61.19
30/09/2004,61.28
1/10/2004,61.17
4/10/2004,61.19
5/10/2004,61.18
6/10/2004,61.07
7/10/2004,61.07
8/10/2004,61.37
11/10/2004,61.43
12/10/2004,61.37
13/10/2004,61.45
14/10/2004,61.75
15/10/2004,61.63
18/10/2004,61.58
19/10/2004,61.61
20/10/2004,61.83
21/10/2004,61.67
22/10/2004,61.82
25/10/2004,61.89
26/10/2004,61.71
27/10/2004,61.57
28/10/2004,61.65
29/10/2004,61.81
1/11/2004,61.68
2/11/2004,61.62
3/11/2004,61.75
4/11/2004,61.70
5/11/2004,61.54
8/11/2004,61.32
9/11/2004,61.47
10/11/2004,61.39
11/11/2004,61.45
12/11/2004,61.53
15/11/2004,61.56
16/11/2004,61.50
17/11/2004,61.65
18/11/2004,61.68
19/11/2004,61.55
22/11/2004,61.65
23/11/2004,61.61
24/11/2004,61.67
26/11/2004,61.49
29/11/2004,61.32
30/11/2004,61.35
1/12/2004,61.12
2/12/2004,61.24
3/12/2004,61.59
6/12/2004,61.66
7/12/2004,61.74
8/12/2004,61.95
9/12/2004,61.87
10/12/2004,61.79
13/12/2004,61.88
14/12/2004,61.94
15/12/2004,62.08
16/12/2004,61.84
17/12/2004,61.69
20/12/2004,61.75
21/12/2004,61.75
22/12/2004,61.88
23/12/2004,61.91
27/12/2004,61.68
28/12/2004,61.65
29/12/2004,61.63
30/12/2004,61.76
31/12/2004,61.84
3/01/2005,61.84
4/01/2005,61.78
5/01/2005,61.76
6/01/2005,61.80
7/01/2005,61.78
10/01/2005,61.75
11/01/2005,61.83
12/01/2005,61.93
13/01/2005,62.08
14/01/2005,61.85
18/01/2005,62.02
19/01/2005,62.11
20/01/2005,62.19
21/01/2005,62.22
24/01/2005,62.23
25/01/2005,62.12
26/01/2005,62.09
27/01/2005,62.01
28/01/2005,62.22
31/01/2005,62.14
1/02/2005,62.21
2/02/2005,62.26
3/02/2005,62.18
4/02/2005,62.44
7/02/2005,62.45
8/02/2005,62.49
9/02/2005,62.66
10/02/2005,62.34
11/02/2005,62.42
14/02/2005,62.43
15/02/2005,62.31
16/02/2005,62.24
17/02/2005,62.21
18/02/2005,62.23
22/02/2005,62.05
23/02/2005,62.08
24/02/2005,62.02
25/02/2005,62.08
28/02/2005,61.91
1/03/2005,61.87
2/03/2005,61.79
3/03/2005,61.84
4/03/2005,62.01
7/03/2005,62.03
8/03/2005,61.90
9/03/2005,61.52
10/03/2005,61.45
11/03/2005,61.50
14/03/2005,61.47
15/03/2005,61.48
16/03/2005,61.53
17/03/2005,61.52
18/03/2005,61.47
21/03/2005,61.47
22/03/2005,61.14
23/03/2005,61.22
24/03/2005,61.25
28/03/2005,61.13
29/03/2005,61.10
30/03/2005,61.28
31/03/2005,61.31
1/04/2005,61.67
4/04/2005,61.60
5/04/2005,61.47
6/04/2005,61.63
7/04/2005,61.56
8/04/2005,61.56
11/04/2005,61.68
12/04/2005,61.85
13/04/2005,61.93
14/04/2005,61.99
15/04/2005,62.21
18/04/2005,62.13
19/04/2005,62.21
20/04/2005,62.26
21/04/2005,62.10
22/04/2005,62.23
25/04/2005,62.21
26/04/2005,62.05
27/04/2005,62.31
28/04/2005,62.47
29/04/2005,62.36
2/05/2005,62.37
3/05/2005,62.32
4/05/2005,62.39
5/05/2005,62.43
6/05/2005,62.20
9/05/2005,62.15
10/05/2005,62.22
11/05/2005,62.32
12/05/2005,62.47
13/05/2005,62.53
16/05/2005,62.44
17/05/2005,62.51
18/05/2005,62.68
19/05/2005,62.53
20/05/2005,62.45
23/05/2005,62.66
24/05/2005,62.77
25/05/2005,62.76
26/05/2005,62.75
27/05/2005,62.71
31/05/2005,62.88
1/06/2005,63.35
2/06/2005,63.30
3/06/2005,63.14
6/06/2005,63.16
7/06/2005,63.32
8/06/2005,63.20
9/06/2005,63.20
10/06/2005,62.95
13/06/2005,62.90
14/06/2005,62.82
15/06/2005,62.78
16/06/2005,62.97
17/06/2005,62.97
20/06/2005,62.83
21/06/2005,63.09
22/06/2005,63.36
23/06/2005,63.30
24/06/2005,63.40
27/06/2005,63.44
28/06/2005,63.26
29/06/2005,63.23
30/06/2005,63.43
1/07/2005,63.21
5/07/2005,62.97
6/07/2005,63.07
7/07/2005,63.15
8/07/2005,63.05
11/07/2005,63.05
12/07/2005,63.02
13/07/2005,62.94
14/07/2005,62.94
15/07/2005,62.97
18/07/2005,62.86
19/07/2005,62.89
20/07/2005,62.99
21/07/2005,62.66
22/07/2005,62.76
25/07/2005,62.76
26/07/2005,62.82
27/07/2005,62.79
28/07/2005,62.97
29/07/2005,62.78
1/08/2005,62.74
2/08/2005,62.60
3/08/2005,62.81
4/08/2005,62.74
5/08/2005,62.44
8/08/2005,62.42
9/08/2005,62.53
10/08/2005,62.54
11/08/2005,62.71
12/08/2005,62.89
15/08/2005,62.83
16/08/2005,62.98
17/08/2005,62.85
18/08/2005,63.02
19/08/2005,62.96
22/08/2005,63.02
23/08/2005,63.06
24/08/2005,63.14
25/08/2005,63.14
26/08/2005,63.09
29/08/2005,63.12
30/08/2005,63.27
31/08/2005,63.52
1/09/2005,63.60
2/09/2005,63.57
6/09/2005,63.45
7/09/2005,63.34
8/09/2005,63.34
9/09/2005,63.32
12/09/2005,63.23
13/09/2005,63.39
14/09/2005,63.32
15/09/2005,63.16
16/09/2005,63.02
19/09/2005,63.08
20/09/2005,63.03
21/09/2005,63.18
22/09/2005,63.23
23/09/2005,63.12
26/09/2005,62.97
27/09/2005,62.92
28/09/2005,63.10
29/09/2005,62.95
30/09/2005,62.92
3/10/2005,62.71
4/10/2005,62.80
5/10/2005,62.90
6/10/2005,62.85
7/10/2005,62.79
10/10/2005,62.87
11/10/2005,62.68
12/10/2005,62.66
13/10/2005,62.50
14/10/2005,62.48
17/10/2005,62.58
18/10/2005,62.55
19/10/2005,62.67
20/10/2005,62.68
21/10/2005,62.83
24/10/2005,62.70
25/10/2005,62.51
26/10/2005,62.26
27/10/2005,62.40
28/10/2005,62.30
31/10/2005,62.30
1/11/2005,62.32
2/11/2005,62.26
3/11/2005,62.05
4/11/2005,62.11
7/11/2005,62.12
8/11/2005,62.33
9/11/2005,62.17
10/11/2005,62.39
11/11/2005,62.45
14/11/2005,62.24
15/11/2005,62.33
16/11/2005,62.47
17/11/2005,62.49
18/11/2005,62.46
21/11/2005,62.66
22/11/2005,62.83
23/11/2005,62.78
25/11/2005,62.84
28/11/2005,62.75
29/11/2005,62.66
30/11/2005,62.53
1/12/2005,62.44
2/12/2005,62.44
5/12/2005,62.47
6/12/2005,62.58
7/12/2005,62.50
8/12/2005,62.82
9/12/2005,62.61
12/12/2005,62.47
13/12/2005,62.71
14/12/2005,62.88
15/12/2005,62.82
16/12/2005,62.81
19/12/2005,62.86
20/12/2005,62.88
21/12/2005,62.88
22/12/2005,63.02
23/12/2005,63.18
27/12/2005,63.35
28/12/2005,63.12
29/12/2005,63.17
30/12/2005,63.24
3/01/2006,63.27
4/01/2006,63.42
5/01/2006,63.42
6/01/2006,63.28
9/01/2006,63.35
10/01/2006,63.22
11/01/2006,63.18
12/01/2006,63.34
13/01/2006,63.52
17/01/2006,63.55
18/01/2006,63.62
19/01/2006,63.53
20/01/2006,63.56
23/01/2006,63.56
24/01/2006,63.45
25/01/2006,63.30
26/01/2006,63.10
27/01/2006,63.18
30/01/2006,63.19
31/01/2006,63.20
1/02/2006,63.03
2/02/2006,63.07
3/02/2006,63.25
6/02/2006,63.24
7/02/2006,63.19
8/02/2006,63.16
9/02/2006,63.20
10/02/2006,63.07
13/02/2006,63.11
14/02/2006,63.01
15/02/2006,63.08
16/02/2006,63.01
17/02/2006,63.27
21/02/2006,63.04
22/02/2006,63.29
23/02/2006,63.25
24/02/2006,63.30
27/02/2006,63.17
28/02/2006,63.30
1/03/2006,63.31
2/03/2006,63.15
3/03/2006,63.02
6/03/2006,62.67
7/03/2006,62.83
8/03/2006,62.86
9/03/2006,62.78
10/03/2006,62.81
13/03/2006,62.92
14/03/2006,63.13
15/03/2006,62.96
16/03/2006,63.22
17/03/2006,63.09
20/03/2006,63.06
21/03/2006,62.90
22/03/2006,63.01
23/03/2006,62.96
24/03/2006,63.07
27/03/2006,63.12
28/03/2006,62.96
29/03/2006,62.83
30/03/2006,62.55
31/03/2006,62.76
3/04/2006,62.69
4/04/2006,62.78
5/04/2006,62.82
6/04/2006,62.77
7/04/2006,62.56
10/04/2006,62.50
11/04/2006,62.63
12/04/2006,62.57
13/04/2006,62.45
17/04/2006,62.55
18/04/2006,62.50
19/04/2006,62.56
20/04/2006,62.47
21/04/2006,62.46
24/04/2006,62.69
25/04/2006,62.48
26/04/2006,62.38
27/04/2006,62.52
28/04/2006,62.66
1/05/2006,62.42
2/05/2006,62.48
3/05/2006,62.44
4/05/2006,62.40
5/05/2006,62.52
8/05/2006,62.56
9/05/2006,62.53
10/05/2006,62.46
11/05/2006,62.42
12/05/2006,62.29
15/05/2006,62.33
16/05/2006,62.63
17/05/2006,62.45
18/05/2006,62.72
19/05/2006,62.70
22/05/2006,62.72
23/05/2006,62.54
24/05/2006,62.56
25/05/2006,62.55
26/05/2006,62.82
30/05/2006,62.68
31/05/2006,62.54
1/06/2006,62.49
2/06/2006,62.97
5/06/2006,62.76
6/06/2006,62.93
7/06/2006,62.73
8/06/2006,62.94
9/06/2006,63.03
12/06/2006,62.84
13/06/2006,63.02
14/06/2006,62.78
15/06/2006,62.68
16/06/2006,62.64
19/06/2006,62.48
20/06/2006,62.51
21/06/2006,62.53
22/06/2006,62.26
23/06/2006,62.30
26/06/2006,62.12
27/06/2006,62.29
28/06/2006,62.23
29/06/2006,62.44
30/06/2006,62.44
3/07/2006,62.53
5/07/2006,62.35
6/07/2006,62.40
7/07/2006,62.64
10/07/2006,62.69
11/07/2006,62.80
12/07/2006,62.83
13/07/2006,62.89
14/07/2006,62.97
17/07/2006,62.83
18/07/2006,62.79
19/07/2006,63.03
20/07/2006,63.10
21/07/2006,63.06
24/07/2006,63.16
25/07/2006,63.10
26/07/2006,63.14
27/07/2006,63.25
28/07/2006,63.38
31/07/2006,63.30
1/08/2006,63.46
2/08/2006,63.48
3/08/2006,63.50
4/08/2006,63.70
7/08/2006,63.70
8/08/2006,63.70
9/08/2006,63.76
10/08/2006,63.72
11/08/2006,63.61
14/08/2006,63.54
15/08/2006,63.70
16/08/2006,63.91
17/08/2006,63.92
18/08/2006,63.96
21/08/2006,64.12
22/08/2006,64.13
23/08/2006,64.10
24/08/2006,64.10
25/08/2006,64.16
28/08/2006,64.10
29/08/2006,64.13
30/08/2006,64.23
31/08/2006,64.31
1/09/2006,64.32
5/09/2006,64.24
6/09/2006,64.26
7/09/2006,64.24
8/09/2006,64.32
11/09/2006,64.27
12/09/2006,64.43
13/09/2006,64.48
14/09/2006,64.39
15/09/2006,64.37
18/09/2006,64.36
19/09/2006,64.51
20/09/2006,64.58
21/09/2006,64.86
22/09/2006,64.90
25/09/2006,65.03
26/09/2006,65.02
27/09/2006,64.99
28/09/2006,65.01
29/09/2006,64.96
2/10/2006,65.02
3/10/2006,65.01
4/10/2006,65.26
5/10/2006,65.06
6/10/2006,64.82
9/10/2006,64.96
10/10/2006,64.70
11/10/2006,64.63
12/10/2006,64.70
13/10/2006,64.53
16/10/2006,64.64
17/10/2006,64.74
18/10/2006,64.81
19/10/2006,64.78
20/10/2006,64.76
23/10/2006,64.57
24/10/2006,64.65
25/10/2006,64.80
26/10/2006,65.02
27/10/2006,65.15
30/10/2006,65.17
31/10/2006,65.41
1/11/2006,65.52
2/11/2006,65.45
3/11/2006,65.11
6/11/2006,65.11
7/11/2006,65.27
8/11/2006,65.45
9/11/2006,65.47
10/11/2006,65.61
13/11/2006,65.53
14/11/2006,65.62
15/11/2006,65.50
16/11/2006,65.44
17/11/2006,65.61
20/11/2006,65.66
21/11/2006,65.74
22/11/2006,65.83
24/11/2006,65.85
27/11/2006,65.82
28/11/2006,66.00
29/11/2006,65.90
30/11/2006,66.10
1/12/2006,66.23
4/12/2006,66.29
5/12/2006,66.25
6/12/2006,66.20
7/12/2006,66.14
8/12/2006,66.00
11/12/2006,65.99
12/12/2006,66.17
13/12/2006,65.97
14/12/2006,65.88
15/12/2006,65.86
18/12/2006,65.90
19/12/2006,65.95
20/12/2006,65.92
21/12/2006,66.05
22/12/2006,66.00
26/12/2006,65.98
27/12/2006,65.80
28/12/2006,65.71
29/12/2006,65.71
3/01/2007,65.84
4/01/2007,65.98
5/01/2007,65.94
8/01/2007,65.98
9/01/2007,65.98
10/01/2007,65.90
11/01/2007,65.78
12/01/2007,65.69
16/01/2007,65.77
17/01/2007,65.73
18/01/2007,65.82
19/01/2007,65.80
22/01/2007,65.83
23/01/2007,65.71
24/01/2007,65.69
25/01/2007,65.60
26/01/2007,65.59
29/01/2007,65.51
30/01/2007,65.61
31/01/2007,65.66
1/02/2007,65.69
2/02/2007,65.79
5/02/2007,65.89
6/02/2007,66.02
7/02/2007,66.10
8/02/2007,66.14
9/02/2007,65.99
12/02/2007,65.92
13/02/2007,65.91
14/02/2007,66.16
15/02/2007,66.26
16/02/2007,66.30
20/02/2007,66.34
21/02/2007,66.33
22/02/2007,66.20
23/02/2007,66.36
26/02/2007,66.50
27/02/2007,66.77
28/02/2007,66.73
1/03/2007,66.72
2/03/2007,66.86
5/03/2007,66.82
6/03/2007,66.77
7/03/2007,66.82
8/03/2007,66.76
9/03/2007,66.58
12/03/2007,66.78
13/03/2007,66.95
14/03/2007,66.88
15/03/2007,66.80
16/03/2007,66.81
19/03/2007,66.76
20/03/2007,66.83
21/03/2007,66.91
22/03/2007,66.79
23/03/2007,66.70
26/03/2007,66.66
27/03/2007,66.67
28/03/2007,66.70
29/03/2007,66.60
30/03/2007,66.60
2/04/2007,66.68
3/04/2007,66.62
4/04/2007,66.69
5/04/2007,66.63
9/04/2007,66.38
10/04/2007,66.48
11/04/2007,66.44
12/04/2007,66.52
13/04/2007,66.41
16/04/2007,66.54
17/04/2007,66.74
18/04/2007,66.84
19/04/2007,66.81
20/04/2007,66.78
23/04/2007,66.84
24/04/2007,66.88
25/04/2007,66.90
26/04/2007,66.78
27/04/2007,66.76
30/04/2007,66.99
1/05/2007,66.95
2/05/2007,66.97
3/05/2007,66.90
4/05/2007,66.98
7/05/2007,67.05
8/05/2007,66.98
9/05/2007,66.90
10/05/2007,67.01
11/05/2007,66.88
14/05/2007,66.89
15/05/2007,66.86
16/05/2007,66.88
17/05/2007,66.76
18/05/2007,66.57
21/05/2007,66.70
22/05/2007,66.57
23/05/2007,66.51
24/05/2007,66.54
25/05/2007,66.51
29/05/2007,66.44
30/05/2007,66.52
31/05/2007,66.37
1/06/2007,66.31
4/06/2007,66.39
5/06/2007,66.20
6/06/2007,66.23
7/06/2007,65.77
8/06/2007,65.69
11/06/2007,65.73
12/06/2007,65.34
13/06/2007,65.45
14/06/2007,65.57
15/06/2007,65.81
18/06/2007,65.86
19/06/2007,66.06
20/06/2007,65.86
21/06/2007,65.78
22/06/2007,65.94
25/06/2007,66.00
26/06/2007,65.92
27/06/2007,66.04
28/06/2007,66.00
29/06/2007,66.12
2/07/2007,66.30
3/07/2007,66.23
5/07/2007,65.95
6/07/2007,65.83
9/07/2007,65.95
10/07/2007,66.23
11/07/2007,66.08
12/07/2007,66.02
13/07/2007,66.10
16/07/2007,66.23
17/07/2007,66.11
18/07/2007,66.28
19/07/2007,66.28
20/07/2007,66.44
23/07/2007,66.40
24/07/2007,66.53
25/07/2007,66.49
26/07/2007,66.73
27/07/2007,66.66
30/07/2007,66.62
31/07/2007,66.83
1/08/2007,66.68
2/08/2007,66.64
3/08/2007,66.94
6/08/2007,66.83
7/08/2007,66.78
8/08/2007,66.70
9/08/2007,66.78
10/08/2007,66.56
13/08/2007,66.68
14/08/2007,66.86
15/08/2007,66.95
16/08/2007,66.91
17/08/2007,67.06
20/08/2007,67.00
21/08/2007,67.31
22/08/2007,67.25
23/08/2007,67.34
24/08/2007,67.17
27/08/2007,67.37
28/08/2007,67.64
29/08/2007,67.51
30/08/2007,67.65
31/08/2007,67.69
4/09/2007,67.61
5/09/2007,67.83
6/09/2007,67.82
7/09/2007,68.24
10/09/2007,68.40
11/09/2007,68.28
12/09/2007,68.19
13/09/2007,67.99
14/09/2007,68.04
17/09/2007,68.06
18/09/2007,68.21
19/09/2007,68.19
20/09/2007,67.71
21/09/2007,67.91
24/09/2007,67.91
25/09/2007,67.97
26/09/2007,67.90
27/09/2007,68.02
28/09/2007,68.12
1/10/2007,67.89
2/10/2007,68.15
3/10/2007,68.18
4/10/2007,68.15
5/10/2007,67.61
8/10/2007,68.15
9/10/2007,68.00
10/10/2007,68.09
11/10/2007,68.14
12/10/2007,68.01
15/10/2007,68.03
16/10/2007,68.14
17/10/2007,68.37
18/10/2007,68.57
19/10/2007,68.89
22/10/2007,68.87
23/10/2007,68.84
24/10/2007,69.15
25/10/2007,68.97
26/10/2007,68.91
29/10/2007,68.91
30/10/2007,69.00
31/10/2007,68.80
1/11/2007,68.97
2/11/2007,69.05
5/11/2007,68.99
6/11/2007,68.90
7/11/2007,68.91
8/11/2007,68.98
9/11/2007,69.22
12/11/2007,69.12
13/11/2007,69.13
14/11/2007,69.10
15/11/2007,69.40
16/11/2007,69.35
19/11/2007,69.50
20/11/2007,69.36
21/11/2007,69.89
23/11/2007,69.53
26/11/2007,70.16
27/11/2007,69.87
28/11/2007,69.70
29/11/2007,69.90
30/11/2007,70.04
3/12/2007,70.42
4/12/2007,70.15
5/12/2007,70.02
6/12/2007,69.94
7/12/2007,69.54
10/12/2007,69.40
11/12/2007,69.74
12/12/2007,69.67
13/12/2007,69.40
14/12/2007,69.21
17/12/2007,69.31
18/12/2007,69.68
19/12/2007,69.82
20/12/2007,69.76
21/12/2007,69.46
24/12/2007,69.48
26/12/2007,69.26
27/12/2007,69.64
28/12/2007,70.02
31/12/2007,70.04
2/01/2008,70.37
3/01/2008,70.56
4/01/2008,70.70
7/01/2008,70.79
8/01/2008,70.97
9/01/2008,70.81
10/01/2008,70.66
11/01/2008,70.97
14/01/2008,71.02
15/01/2008,71.28
16/01/2008,71.06
17/01/2008,71.49
18/01/2008,71.48
22/01/2008,71.59
23/01/2008,71.37
24/01/2008,71.19
25/01/2008,71.32
28/01/2008,71.46
29/01/2008,71.24
30/01/2008,71.35
31/01/2008,71.66
1/02/2008,71.59
4/02/2008,71.54
5/02/2008,71.77
6/02/2008,71.71
7/02/2008,71.08
8/02/2008,71.42
11/02/2008,71.57
12/02/2008,71.54
13/02/2008,71.12
14/02/2008,70.90
15/02/2008,70.86
19/02/2008,70.52
20/02/2008,70.41
21/02/2008,70.99
22/02/2008,70.61
25/02/2008,70.36
26/02/2008,70.70
27/02/2008,70.85
28/02/2008,71.27
29/02/2008,71.54
3/03/2008,71.53
4/03/2008,71.22
5/03/2008,70.77
6/03/2008,70.67
7/03/2008,70.88
10/03/2008,71.26
11/03/2008,70.83
12/03/2008,71.55
13/03/2008,71.25
14/03/2008,71.55
17/03/2008,71.85
18/03/2008,71.69
19/03/2008,71.90
20/03/2008,72.15
24/03/2008,71.62
25/03/2008,71.76
26/03/2008,71.55
27/03/2008,71.57
28/03/2008,71.75
31/03/2008,71.64
1/04/2008,71.15
2/04/2008,71.18
3/04/2008,71.41
4/04/2008,71.77
7/04/2008,71.77
8/04/2008,71.76
9/04/2008,72.07
10/04/2008,71.85
11/04/2008,72.00
14/04/2008,71.92
15/04/2008,71.53
16/04/2008,71.28
17/04/2008,71.26
18/04/2008,71.45
21/04/2008,71.46
22/04/2008,71.56
23/04/2008,71.49
24/04/2008,71.23
25/04/2008,71.16
28/04/2008,71.33
29/04/2008,71.44
30/04/2008,71.87
1/05/2008,71.75
2/05/2008,71.63
5/05/2008,71.66
6/05/2008,71.43
7/05/2008,71.63
8/05/2008,71.81
9/05/2008,71.84
12/05/2008,71.71
13/05/2008,71.31
14/05/2008,71.41
15/05/2008,71.79
16/05/2008,71.62
19/05/2008,71.73
20/05/2008,71.89
21/05/2008,71.79
22/05/2008,71.36
23/05/2008,71.64
27/05/2008,71.24
28/05/2008,70.91
29/05/2008,70.71
30/05/2008,70.96
2/06/2008,71.23
3/06/2008,71.36
4/06/2008,71.11
5/06/2008,70.84
6/06/2008,71.24
9/06/2008,70.88
10/06/2008,70.51
11/06/2008,70.60
12/06/2008,70.16
13/06/2008,69.98
16/06/2008,70.06
17/06/2008,70.30
18/06/2008,70.60
19/06/2008,70.24
20/06/2008,70.45
23/06/2008,70.36
24/06/2008,70.50
25/06/2008,70.53
26/06/2008,70.63
27/06/2008,70.80
30/06/2008,70.83
1/07/2008,70.59
2/07/2008,70.50
3/07/2008,70.52
7/07/2008,70.77
8/07/2008,71.05
9/07/2008,71.32
10/07/2008,71.39
11/07/2008,70.98
14/07/2008,71.09
15/07/2008,71.36
16/07/2008,70.82
17/07/2008,70.51
18/07/2008,70.10
21/07/2008,70.47
22/07/2008,70.22
23/07/2008,70.31
24/07/2008,70.80
25/07/2008,70.44
28/07/2008,70.76
29/07/2008,70.67
30/07/2008,70.75
31/07/2008,71.11
1/08/2008,71.03
4/08/2008,70.82
5/08/2008,70.70
6/08/2008,70.62
7/08/2008,70.99
8/08/2008,70.88
11/08/2008,70.71
12/08/2008,71.00
13/08/2008,70.88
14/08/2008,71.05
15/08/2008,71.26
18/08/2008,71.38
19/08/2008,71.32
20/08/2008,71.44
21/08/2008,71.45
22/08/2008,71.37
25/08/2008,71.59
26/08/2008,71.51
27/08/2008,71.59
28/08/2008,71.66
29/08/2008,71.64
2/09/2008,71.88
3/09/2008,71.86
4/09/2008,72.13
5/09/2008,71.91
8/09/2008,72.36
9/09/2008,72.68
10/09/2008,72.63
11/09/2008,72.54
12/09/2008,72.25
15/09/2008,72.53
16/09/2008,71.80
17/09/2008,71.98
18/09/2008,71.78
19/09/2008,72.10
22/09/2008,70.97
23/09/2008,70.86
24/09/2008,70.95
25/09/2008,70.82
26/09/2008,70.46
29/09/2008,70.14
30/09/2008,70.38
1/10/2008,69.87
2/10/2008,70.15
3/10/2008,70.68
6/10/2008,70.70
7/10/2008,69.24
8/10/2008,67.85
9/10/2008,68.00
10/10/2008,63.35
13/10/2008,65.80
14/10/2008,67.19
15/10/2008,68.26
16/10/2008,67.19
17/10/2008,67.43
20/10/2008,68.64
21/10/2008,69.24
22/10/2008,70.04
23/10/2008,68.81
24/10/2008,68.23
27/10/2008,67.55
28/10/2008,67.78
29/10/2008,69.07
30/10/2008,68.99
31/10/2008,68.77
3/11/2008,67.68
4/11/2008,68.76
5/11/2008,69.81
6/11/2008,69.52
7/11/2008,69.87
10/11/2008,69.43
11/11/2008,69.95
12/11/2008,69.35
13/11/2008,69.58
14/11/2008,69.79
17/11/2008,69.98
18/11/2008,69.88
19/11/2008,70.08
20/11/2008,70.10
21/11/2008,69.53
24/11/2008,69.53
25/11/2008,71.26
26/11/2008,70.99
28/11/2008,70.85
1/12/2008,71.85
2/12/2008,71.92
3/12/2008,71.93
4/12/2008,72.17
5/12/2008,71.77
8/12/2008,71.68
9/12/2008,72.35
10/12/2008,72.22
11/12/2008,72.59
12/12/2008,72.62
15/12/2008,72.79
16/12/2008,73.08
17/12/2008,73.47
18/12/2008,73.93
19/12/2008,73.69
22/12/2008,74.09
23/12/2008,74.81
24/12/2008,75.17
26/12/2008,74.91
29/12/2008,75.49
30/12/2008,75.52
31/12/2008,75.57
2/01/2009,75.10
5/01/2009,76.30
6/01/2009,75.87
7/01/2009,75.17
8/01/2009,74.60
9/01/2009,74.35
12/01/2009,74.74
13/01/2009,74.86
14/01/2009,74.76
15/01/2009,74.75
16/01/2009,75.14
20/01/2009,74.74
21/01/2009,74.35
22/01/2009,74.03
23/01/2009,73.92
26/01/2009,73.85
27/01/2009,74.22
28/01/2009,74.27
29/01/2009,73.61
30/01/2009,74.07
2/02/2009,73.94
3/02/2009,73.62
4/02/2009,73.51
5/02/2009,73.28
6/02/2009,73.48
9/02/2009,73.48
10/02/2009,73.94
11/02/2009,73.92
12/02/2009,74.31
13/02/2009,74.09
17/02/2009,74.15
18/02/2009,73.99
19/02/2009,73.88
20/02/2009,73.50
23/02/2009,73.88
24/02/2009,73.73
25/02/2009,73.67
26/02/2009,73.28
27/02/2009,73.29
2/03/2009,73.53
3/03/2009,73.44
4/03/2009,73.10
5/03/2009,73.34
6/03/2009,73.53
9/03/2009,73.03
10/03/2009,73.20
11/03/2009,73.37
12/03/2009,73.44
13/03/2009,73.51
16/03/2009,73.29
17/03/2009,73.07
18/03/2009,74.23
19/03/2009,74.41
20/03/2009,73.99
23/03/2009,73.99
24/03/2009,73.49
25/03/2009,73.17
26/03/2009,73.32
27/03/2009,73.37
30/03/2009,73.72
31/03/2009,74.10
1/04/2009,74.06
2/04/2009,73.83
3/04/2009,73.58
6/04/2009,73.57
7/04/2009,73.45
8/04/2009,73.69
9/04/2009,73.58
13/04/2009,74.12
14/04/2009,74.10
15/04/2009,74.31
16/04/2009,74.18
17/04/2009,73.77
20/04/2009,74.19
21/04/2009,73.96
22/04/2009,74.16
23/04/2009,74.25
24/04/2009,74.33
27/04/2009,74.45
28/04/2009,74.43
29/04/2009,74.12
30/04/2009,74.48
1/05/2009,74.19
4/05/2009,74.25
5/05/2009,74.40
6/05/2009,74.57
7/05/2009,74.24
8/05/2009,74.38
11/05/2009,74.43
12/05/2009,74.85
13/05/2009,74.91
14/05/2009,74.96
15/05/2009,75.12
18/05/2009,74.90
19/05/2009,74.97
20/05/2009,75.20
21/05/2009,74.96
22/05/2009,74.76
26/05/2009,74.60
27/05/2009,74.18
28/05/2009,74.21
29/05/2009,75.01
1/06/2009,74.08
2/06/2009,74.59
3/06/2009,74.79
4/06/2009,74.17
5/06/2009,73.79
8/06/2009,73.59
9/06/2009,73.92
10/06/2009,73.72
11/06/2009,73.97
12/06/2009,74.33
15/06/2009,74.61
16/06/2009,74.72
17/06/2009,74.87
18/06/2009,74.38
19/06/2009,74.65
22/06/2009,74.76
23/06/2009,75.01
24/06/2009,74.81
25/06/2009,75.15
26/06/2009,75.37
29/06/2009,75.31
30/06/2009,75.32
1/07/2009,75.29
2/07/2009,75.47
6/07/2009,75.41
7/07/2009,75.66
8/07/2009,76.07
9/07/2009,75.86
10/07/2009,76.12
13/07/2009,76.08
14/07/2009,75.85
15/07/2009,75.35
16/07/2009,75.59
17/07/2009,75.59
20/07/2009,75.68
21/07/2009,76.20
22/07/2009,75.95
23/07/2009,75.75
24/07/2009,75.75
27/07/2009,75.52
28/07/2009,75.66
29/07/2009,75.80
30/07/2009,75.89
31/07/2009,76.28
3/08/2009,76.12
4/08/2009,75.89
5/08/2009,75.82
6/08/2009,75.86
7/08/2009,75.41
10/08/2009,75.99
11/08/2009,76.26
12/08/2009,76.22
13/08/2009,76.42
14/08/2009,76.55
17/08/2009,76.87
18/08/2009,76.62
19/08/2009,76.77
20/08/2009,76.90
21/08/2009,76.45
24/08/2009,76.76
25/08/2009,76.89
26/08/2009,77.00
27/08/2009,76.94
28/08/2009,76.89
31/08/2009,77.21
1/09/2009,77.08
2/09/2009,77.49
3/09/2009,77.34
4/09/2009,77.20
8/09/2009,77.08
9/09/2009,77.23
10/09/2009,77.63
11/09/2009,77.62
14/09/2009,77.51
15/09/2009,77.39
16/09/2009,77.45
17/09/2009,77.81
18/09/2009,77.62
21/09/2009,77.56
22/09/2009,77.51
23/09/2009,77.70
24/09/2009,77.80
25/09/2009,78.03
28/09/2009,78.02
29/09/2009,77.99
30/09/2009,78.13
1/10/2009,78.31
2/10/2009,78.16
5/10/2009,78.21
6/10/2009,78.10
7/10/2009,78.41
8/10/2009,78.36
9/10/2009,77.81
12/10/2009,77.99
13/10/2009,78.19
14/10/2009,78.00
15/10/2009,77.88
16/10/2009,77.87
19/10/2009,78.03
20/10/2009,78.22
21/10/2009,78.17
22/10/2009,78.05
23/10/2009,77.95
26/10/2009,77.74
27/10/2009,78.05
28/10/2009,78.16
29/10/2009,78.00
30/10/2009,78.30
2/11/2009,78.18
3/11/2009,78.07
4/11/2009,77.94
5/11/2009,78.15
6/11/2009,78.21
9/11/2009,78.32
10/11/2009,78.34
11/11/2009,78.37
12/11/2009,78.53
13/11/2009,78.61
16/11/2009,78.80
17/11/2009,78.87
18/11/2009,78.70
19/11/2009,78.78
20/11/2009,78.81
23/11/2009,78.80
24/11/2009,79.03
25/11/2009,79.10
27/11/2009,79.17
30/11/2009,79.31
1/12/2009,79.11
2/12/2009,78.96
3/12/2009,78.97
4/12/2009,78.81
7/12/2009,78.89
8/12/2009,78.99
9/12/2009,78.91
10/12/2009,78.85
11/12/2009,78.66
14/12/2009,78.71
15/12/2009,78.49
16/12/2009,78.63
17/12/2009,78.76
18/12/2009,78.76
21/12/2009,78.43
22/12/2009,78.20
23/12/2009,78.23
24/12/2009,78.10
28/12/2009,77.63
29/12/2009,77.72
30/12/2009,77.91
31/12/2009,77.82
4/01/2010,77.91
5/01/2010,78.26
6/01/2010,78.21
7/01/2010,78.12
8/01/2010,78.17
11/01/2010,78.11
12/01/2010,78.61
13/01/2010,78.28
14/01/2010,78.48
15/01/2010,78.63
19/01/2010,78.50
20/01/2010,78.71
21/01/2010,78.73
22/01/2010,78.77
25/01/2010,78.77
26/01/2010,78.86
27/01/2010,78.80
28/01/2010,78.74
29/01/2010,78.92
1/02/2010,78.81
2/02/2010,78.90
3/02/2010,78.76
4/02/2010,78.94
5/02/2010,78.97
8/02/2010,79.13
9/02/2010,78.98
10/02/2010,78.80
11/02/2010,78.67
12/02/2010,78.69
16/02/2010,78.88
17/02/2010,78.64
18/02/2010,78.61
19/02/2010,78.67
22/02/2010,78.54
23/02/2010,78.82
24/02/2010,78.90
25/02/2010,79.06
26/02/2010,79.07
1/03/2010,79.19
2/03/2010,79.22
3/03/2010,79.22
4/03/2010,79.36
5/03/2010,79.21
8/03/2010,79.26
9/03/2010,79.36
10/03/2010,79.30
11/03/2010,79.30
12/03/2010,79.31
15/03/2010,79.41
16/03/2010,79.55
17/03/2010,79.61
18/03/2010,79.55
19/03/2010,79.48
22/03/2010,79.55
23/03/2010,79.56
24/03/2010,79.16
25/03/2010,78.95
26/03/2010,79.08
29/03/2010,78.99
30/03/2010,79.02
31/03/2010,79.07
1/04/2010,79.04
5/04/2010,78.55
6/04/2010,78.65
7/04/2010,78.98
8/04/2010,78.91
9/04/2010,78.99
12/04/2010,79.17
13/04/2010,79.30
14/04/2010,79.21
15/04/2010,79.36
16/04/2010,79.48
19/04/2010,79.33
20/04/2010,79.46
21/04/2010,79.60
22/04/2010,79.44
23/04/2010,79.34
26/04/2010,79.33
27/04/2010,79.59
28/04/2010,79.46
29/04/2010,79.49
30/04/2010,79.84
3/05/2010,79.69
4/05/2010,80.01
5/05/2010,79.95
6/05/2010,80.06
7/05/2010,79.71
10/05/2010,79.70
11/05/2010,80.00
12/05/2010,79.91
13/05/2010,80.03
14/05/2010,80.32
17/05/2010,80.26
18/05/2010,80.53
19/05/2010,80.57
20/05/2010,80.50
21/05/2010,80.85
24/05/2010,80.80
25/05/2010,80.90
26/05/2010,80.81
27/05/2010,80.62
28/05/2010,80.70
1/06/2010,80.83
2/06/2010,80.75
3/06/2010,80.71
4/06/2010,80.92
7/06/2010,81.16
8/06/2010,81.06
9/06/2010,81.11
10/06/2010,80.87
11/06/2010,80.91
14/06/2010,81.03
15/06/2010,81.03
16/06/2010,81.15
17/06/2010,81.34
18/06/2010,81.21
21/06/2010,81.39
22/06/2010,81.47
23/06/2010,81.68
24/06/2010,81.61
25/06/2010,81.72
28/06/2010,81.88
29/06/2010,82.12
30/06/2010,82.13
1/07/2010,82.09
2/07/2010,81.97
6/07/2010,82.22
7/07/2010,82.12
8/07/2010,82.10
9/07/2010,81.98
12/07/2010,82.07
13/07/2010,81.86
14/07/2010,82.14
15/07/2010,82.25
16/07/2010,82.51
19/07/2010,82.43
20/07/2010,82.37
21/07/2010,82.73
22/07/2010,82.65
23/07/2010,82.51
26/07/2010,82.49
27/07/2010,82.46
28/07/2010,82.62
29/07/2010,82.69
30/07/2010,82.83
2/08/2010,82.72
3/08/2010,82.77
4/08/2010,82.63
5/08/2010,82.73
6/08/2010,82.89
9/08/2010,82.89
10/08/2010,83.03
11/08/2010,83.10
12/08/2010,82.97
13/08/2010,83.16
16/08/2010,83.44
17/08/2010,83.34
18/08/2010,83.25
19/08/2010,83.52
20/08/2010,83.40
23/08/2010,83.49
24/08/2010,83.82
25/08/2010,83.63
26/08/2010,83.73
27/08/2010,83.27
30/08/2010,83.83
31/08/2010,83.90
1/09/2010,83.72
2/09/2010,83.61
3/09/2010,83.42
7/09/2010,83.66
8/09/2010,83.59
9/09/2010,83.19
10/09/2010,83.01
13/09/2010,83.20
14/09/2010,83.50
15/09/2010,83.35
16/09/2010,83.21
17/09/2010,83.32
20/09/2010,83.35
21/09/2010,83.70
22/09/2010,83.73
23/09/2010,83.82
24/09/2010,83.51
27/09/2010,83.79
28/09/2010,84.00
29/09/2010,83.93
30/09/2010,83.90
1/10/2010,83.81
4/10/2010,83.95
5/10/2010,83.95
6/10/2010,84.03
7/10/2010,84.07
8/10/2010,84.24
11/10/2010,84.19
12/10/2010,84.11
13/10/2010,84.10
14/10/2010,83.79
15/10/2010,83.62
18/10/2010,83.91
19/10/2010,83.98
20/10/2010,84.08
21/10/2010,83.95
22/10/2010,83.99
25/10/2010,84.00
26/10/2010,83.81
27/10/2010,83.64
28/10/2010,83.85
29/10/2010,84.03
1/11/2010,84.00
2/11/2010,84.14
3/11/2010,84.13
4/11/2010,84.53
5/11/2010,84.30
8/11/2010,84.26
9/11/2010,83.85
10/11/2010,83.78
11/11/2010,83.77
12/11/2010,83.44
15/11/2010,82.98
16/11/2010,83.18
17/11/2010,83.20
18/11/2010,83.18
19/11/2010,83.27
22/11/2010,83.48
23/11/2010,83.56
24/11/2010,83.16
26/11/2010,83.33
29/11/2010,83.38
30/11/2010,83.33
1/12/2010,82.89
2/12/2010,82.73
3/12/2010,82.89
6/12/2010,83.20
7/12/2010,82.55
8/12/2010,82.15
9/12/2010,82.30
10/12/2010,82.15
13/12/2010,82.20
14/12/2010,81.74
15/12/2010,81.60
16/12/2010,81.76
17/12/2010,82.20
20/12/2010,82.25
21/12/2010,82.41
22/12/2010,82.32
23/12/2010,82.16
27/12/2010,82.40
28/12/2010,81.91
29/12/2010,82.49
30/12/2010,82.43
31/12/2010,82.77
3/01/2011,82.67
4/01/2011,82.70
5/01/2011,82.30
6/01/2011,82.31
7/01/2011,82.58
10/01/2011,82.80
11/01/2011,82.63
12/01/2011,82.63
13/01/2011,82.92
14/01/2011,82.75
18/01/2011,82.70
19/01/2011,82.71
20/01/2011,82.40
21/01/2011,82.66
24/01/2011,82.61
25/01/2011,82.87
26/01/2011,82.59
27/01/2011,82.73
28/01/2011,82.85
31/01/2011,82.70
1/02/2011,82.52
2/02/2011,82.43
3/02/2011,82.12
4/02/2011,81.84
7/02/2011,81.88
8/02/2011,81.64
9/02/2011,81.79
10/02/2011,81.55
11/02/2011,81.88
14/02/2011,81.92
15/02/2011,82.02
16/02/2011,82.02
17/02/2011,82.21
18/02/2011,82.18
22/02/2011,82.48
23/02/2011,82.54
24/02/2011,82.56
25/02/2011,82.78
28/02/2011,82.94
1/03/2011,82.87
2/03/2011,82.74
3/03/2011,82.44
4/03/2011,82.66
7/03/2011,82.70
8/03/2011,82.64
9/03/2011,82.84
10/03/2011,83.13
11/03/2011,83.14
14/03/2011,83.19
15/03/2011,83.22
16/03/2011,83.46
17/03/2011,83.40
18/03/2011,83.37
21/03/2011,83.18
22/03/2011,83.18
23/03/2011,83.14
24/03/2011,82.92
25/03/2011,82.85
28/03/2011,82.81
29/03/2011,82.70
30/03/2011,82.85
31/03/2011,82.75
1/04/2011,82.86
4/04/2011,83.00
5/04/2011,82.82
6/04/2011,82.58
7/04/2011,82.71
8/04/2011,82.55
11/04/2011,82.63
12/04/2011,82.94
13/04/2011,83.03
14/04/2011,82.95
15/04/2011,83.25
18/04/2011,83.39
19/04/2011,83.56
20/04/2011,83.44
21/04/2011,83.50
25/04/2011,83.54
26/04/2011,83.85
27/04/2011,83.78
28/04/2011,83.98
29/04/2011,84.05
2/05/2011,84.09
3/05/2011,84.12
4/05/2011,84.27
5/05/2011,84.46
6/05/2011,84.46
9/05/2011,84.55
10/05/2011,84.40
11/05/2011,84.55
12/05/2011,84.42
13/05/2011,84.56
16/05/2011,84.74
17/05/2011,84.84
18/05/2011,84.70
19/05/2011,84.64
20/05/2011,84.72
23/05/2011,84.79
24/05/2011,84.82
25/05/2011,84.80
26/05/2011,84.99
27/05/2011,85.07
31/05/2011,85.09
1/06/2011,85.46
2/06/2011,85.12
3/06/2011,85.23
6/06/2011,85.24
7/06/2011,85.42
8/06/2011,85.49
9/06/2011,85.36
10/06/2011,85.35
13/06/2011,85.24
14/06/2011,85.01
15/06/2011,85.23
16/06/2011,85.28
17/06/2011,85.36
20/06/2011,85.25
21/06/2011,85.33
22/06/2011,85.28
23/06/2011,85.55
24/06/2011,85.47
27/06/2011,85.32
28/06/2011,84.98
29/06/2011,84.73
30/06/2011,84.71
1/07/2011,84.74
5/07/2011,85.06
6/07/2011,85.11
7/07/2011,84.87
8/07/2011,85.31
11/07/2011,85.54
12/07/2011,85.61
13/07/2011,85.78
14/07/2011,85.57
15/07/2011,85.69
18/07/2011,85.56
19/07/2011,85.74
20/07/2011,85.61
21/07/2011,85.47
22/07/2011,85.65
25/07/2011,85.41
26/07/2011,85.61
27/07/2011,85.46
28/07/2011,85.63
29/07/2011,86.14
1/08/2011,86.35
2/08/2011,86.71
3/08/2011,86.80
4/08/2011,87.27
5/08/2011,86.69
8/08/2011,86.73
9/08/2011,87.24
10/08/2011,87.95
11/08/2011,86.86
12/08/2011,87.24
15/08/2011,87.38
16/08/2011,87.56
17/08/2011,87.71
18/08/2011,87.83
19/08/2011,87.87
22/08/2011,87.76
23/08/2011,87.55
24/08/2011,87.06
25/08/2011,87.23
26/08/2011,87.35
29/08/2011,87.26
30/08/2011,87.53
31/08/2011,87.45
1/09/2011,87.73
2/09/2011,88.00
6/09/2011,88.23
7/09/2011,88.02
8/09/2011,88.04
9/09/2011,88.16
12/09/2011,87.99
13/09/2011,88.02
14/09/2011,88.04
15/09/2011,87.78
16/09/2011,87.91
19/09/2011,88.10
20/09/2011,88.28
21/09/2011,88.42
22/09/2011,88.68
23/09/2011,88.22
26/09/2011,88.02
27/09/2011,87.90
28/09/2011,87.83
29/09/2011,87.80
30/09/2011,88.12
3/10/2011,88.48
4/10/2011,88.21
5/10/2011,87.91
6/10/2011,87.77
7/10/2011,87.59
10/10/2011,87.42
11/10/2011,87.63
12/10/2011,87.46
13/10/2011,87.51
14/10/2011,87.36
17/10/2011,87.71
18/10/2011,87.61
19/10/2011,87.74
20/10/2011,87.69
21/10/2011,87.74
24/10/2011,87.60
25/10/2011,88.05
26/10/2011,87.81
27/10/2011,87.47
28/10/2011,87.82
31/10/2011,88.24
1/11/2011,88.66
2/11/2011,88.66
3/11/2011,88.47
4/11/2011,88.44
7/11/2011,88.51
8/11/2011,88.39
9/11/2011,88.55
10/11/2011,88.38
11/11/2011,88.27
14/11/2011,88.35
15/11/2011,88.23
16/11/2011,88.20
17/11/2011,88.15
18/11/2011,88.14
21/11/2011,88.12
22/11/2011,88.18
23/11/2011,88.26
25/11/2011,88.14
28/11/2011,88.14
29/11/2011,88.17
30/11/2011,87.94
1/12/2011,87.97
2/12/2011,88.20
5/12/2011,88.30
6/12/2011,88.22
7/12/2011,88.38
8/12/2011,88.47
9/12/2011,88.42
12/12/2011,88.44
13/12/2011,88.62
14/12/2011,88.84
15/12/2011,88.65
16/12/2011,88.95
19/12/2011,89.04
20/12/2011,88.92
21/12/2011,88.69
22/12/2011,88.83
23/12/2011,88.73
27/12/2011,88.89
28/12/2011,89.04
29/12/2011,89.25
30/12/2011,89.14
3/01/2012,88.96
4/01/2012,88.84
5/01/2012,88.96
6/01/2012,89.03
9/01/2012,88.96
10/01/2012,88.93
11/01/2012,89.25
12/01/2012,89.18
13/01/2012,89.38
17/01/2012,89.40
18/01/2012,89.29
19/01/2012,89.14
20/01/2012,88.92
23/01/2012,88.85
24/01/2012,88.92
25/01/2012,89.05
26/01/2012,89.23
27/01/2012,89.37
30/01/2012,89.63
31/01/2012,89.78
1/02/2012,89.63
2/02/2012,89.65
3/02/2012,89.61
6/02/2012,89.67
7/02/2012,89.58
8/02/2012,89.51
9/02/2012,89.37
10/02/2012,89.49
13/02/2012,89.52
14/02/2012,89.59
15/02/2012,89.56
16/02/2012,89.54
17/02/2012,89.43
21/02/2012,89.29
22/02/2012,89.54
23/02/2012,89.62
24/02/2012,89.64
27/02/2012,89.92
28/02/2012,89.86
29/02/2012,89.77
1/03/2012,89.59
2/03/2012,89.78
5/03/2012,89.65
6/03/2012,89.83
7/03/2012,89.75
8/03/2012,89.55
9/03/2012,89.53
12/03/2012,89.61
13/03/2012,89.31
14/03/2012,88.83
15/03/2012,88.79
16/03/2012,88.79
19/03/2012,88.51
20/03/2012,88.64
21/03/2012,88.85
22/03/2012,88.93
23/03/2012,89.13
26/03/2012,89.07
27/03/2012,89.17
28/03/2012,89.15
29/03/2012,89.39
30/03/2012,89.26
2/04/2012,89.27
3/04/2012,88.88
4/04/2012,89.07
5/04/2012,89.28
9/04/2012,89.67
10/04/2012,89.67
11/04/2012,89.68
12/04/2012,89.59
13/04/2012,89.87
16/04/2012,89.89
17/04/2012,89.90
18/04/2012,90.02
19/04/2012,89.95
20/04/2012,89.97
23/04/2012,90.06
24/04/2012,89.93
25/04/2012,89.97
26/04/2012,90.11
27/04/2012,90.10
30/04/2012,90.07
1/05/2012,90.03
2/05/2012,90.12
3/05/2012,90.22
4/05/2012,90.31
7/05/2012,90.34
8/05/2012,90.41
9/05/2012,90.43
10/05/2012,90.34
11/05/2012,90.41
14/05/2012,90.61
15/05/2012,90.56
16/05/2012,90.55
17/05/2012,90.60
18/05/2012,90.58
21/05/2012,90.56
22/05/2012,90.34
23/05/2012,90.45
24/05/2012,90.38
25/05/2012,90.51
29/05/2012,90.47
30/05/2012,90.77
31/05/2012,91.04
1/06/2012,91.26
4/06/2012,91.05
5/06/2012,90.86
6/06/2012,90.59
7/06/2012,90.73
8/06/2012,90.69
11/06/2012,90.77
12/06/2012,90.70
13/06/2012,90.94
14/06/2012,90.87
15/06/2012,91.08
18/06/2012,91.06
19/06/2012,90.95
20/06/2012,90.81
21/06/2012,90.94
22/06/2012,90.81
25/06/2012,91.09
26/06/2012,90.99
27/06/2012,91.03
28/06/2012,91.14
29/06/2012,91.02
2/07/2012,91.19
3/07/2012,91.13
5/07/2012,91.36
6/07/2012,91.43
9/07/2012,91.61
10/07/2012,91.65
11/07/2012,91.64
12/07/2012,91.81
13/07/2012,91.84
16/07/2012,91.91
17/07/2012,91.88
18/07/2012,92.06
19/07/2012,91.99
20/07/2012,92.12
23/07/2012,92.20
24/07/2012,92.32
25/07/2012,92.35
26/07/2012,92.29
27/07/2012,92.01
30/07/2012,92.17
31/07/2012,92.26
1/08/2012,92.15
2/08/2012,92.17
3/08/2012,91.95
6/08/2012,92.09
7/08/2012,91.84
8/08/2012,91.72
9/08/2012,91.70
10/08/2012,91.85
13/08/2012,91.84
14/08/2012,91.63
15/08/2012,91.33
16/08/2012,91.22
17/08/2012,91.32
20/08/2012,91.29
21/08/2012,91.41
22/08/2012,91.81
23/08/2012,91.87
24/08/2012,91.81
27/08/2012,91.93
28/08/2012,92.00
29/08/2012,91.91
30/08/2012,91.97
31/08/2012,92.26
4/09/2012,92.24
5/09/2012,92.24
6/09/2012,92.03
7/09/2012,92.04
10/09/2012,92.06
11/09/2012,91.95
12/09/2012,91.78
13/09/2012,91.99
14/09/2012,91.62
17/09/2012,91.76
18/09/2012,91.82
19/09/2012,92.00
20/09/2012,91.94
21/09/2012,92.09
24/09/2012,92.19
25/09/2012,92.34
26/09/2012,92.43
27/09/2012,92.37
28/09/2012,92.50
1/10/2012,92.47
2/10/2012,92.54
3/10/2012,92.51
4/10/2012,92.38
5/10/2012,92.19
8/10/2012,92.33
9/10/2012,92.23
10/10/2012,92.38
11/10/2012,92.49
12/10/2012,92.57
15/10/2012,92.62
16/10/2012,92.47
17/10/2012,92.18
18/10/2012,92.15
19/10/2012,92.26
22/10/2012,92.14
23/10/2012,92.34
24/10/2012,92.28
25/10/2012,92.08
26/10/2012,92.33
31/10/2012,92.46
1/11/2012,92.34
2/11/2012,92.40
5/11/2012,92.55
6/11/2012,92.29
7/11/2012,92.50
8/11/2012,92.62
9/11/2012,92.57
12/11/2012,92.55
13/11/2012,92.71
14/11/2012,92.74
15/11/2012,92.64
16/11/2012,92.68
19/11/2012,92.74
20/11/2012,92.57
21/11/2012,92.41
23/11/2012,92.47
26/11/2012,92.50
27/11/2012,92.63
28/11/2012,92.64
29/11/2012,92.76
30/11/2012,92.71
3/12/2012,92.72
4/12/2012,92.78
5/12/2012,92.87
6/12/2012,92.86
7/12/2012,92.77
10/12/2012,92.79
11/12/2012,92.76
12/12/2012,92.50
13/12/2012,92.35
14/12/2012,92.52
17/12/2012,92.29
18/12/2012,92.08
19/12/2012,92.23
20/12/2012,92.24
21/12/2012,92.33
24/12/2012,92.33
26/12/2012,92.46
27/12/2012,92.51
28/12/2012,92.65
31/12/2012,92.48
2/01/2013,92.38
3/01/2013,92.14
4/01/2013,92.24
7/01/2013,92.19
8/01/2013,92.28
9/01/2013,92.21
10/01/2013,92.20
11/01/2013,92.29
14/01/2013,92.38
15/01/2013,92.40
16/01/2013,92.45
17/01/2013,92.25
18/01/2013,92.36
22/01/2013,92.31
23/01/2013,92.41
24/01/2013,92.28
25/01/2013,92.06
28/01/2013,91.93
29/01/2013,91.87
30/01/2013,91.83
31/01/2013,91.91
1/02/2013,91.71
4/02/2013,91.97
5/02/2013,91.78
6/02/2013,91.93
7/02/2013,91.97
8/02/2013,91.99
11/02/2013,91.90
12/02/2013,91.88
13/02/2013,91.79
14/02/2013,91.96
15/02/2013,91.97
19/02/2013,91.86
20/02/2013,91.92
21/02/2013,91.97
22/02/2013,92.02
25/02/2013,92.37
26/02/2013,92.34
27/02/2013,92.37
28/02/2013,92.45
1/03/2013,92.48
4/03/2013,92.42
5/03/2013,92.34
6/03/2013,92.24
7/03/2013,92.05
8/03/2013,91.78
11/03/2013,91.83
12/03/2013,92.00
13/03/2013,91.92
14/03/2013,92.02
15/03/2013,92.11
18/03/2013,92.19
19/03/2013,92.33
20/03/2013,92.23
21/03/2013,92.24
22/03/2013,92.28
25/03/2013,92.24
26/03/2013,92.35
27/03/2013,92.54
28/03/2013,92.54
1/04/2013,92.63
2/04/2013,92.53
3/04/2013,92.63
4/04/2013,92.89
5/04/2013,93.15
8/04/2013,93.00
9/04/2013,93.03
10/04/2013,92.84
11/04/2013,92.85
12/04/2013,93.15
15/04/2013,93.20
16/04/2013,93.20
17/04/2013,93.20
18/04/2013,93.18
19/04/2013,93.19
22/04/2013,93.31
23/04/2013,93.26
24/04/2013,93.25
25/04/2013,93.20
26/04/2013,93.40
29/04/2013,93.46
30/04/2013,93.44
1/05/2013,93.48
2/05/2013,93.49
3/05/2013,93.15
6/05/2013,93.00
7/05/2013,92.95
8/05/2013,93.03
9/05/2013,92.90
10/05/2013,92.72
13/05/2013,92.64
14/05/2013,92.42
15/05/2013,92.55
16/05/2013,92.80
17/05/2013,92.58
20/05/2013,92.48
21/05/2013,92.56
22/05/2013,92.25
23/05/2013,92.22
24/05/2013,92.22
28/05/2013,91.65
29/05/2013,91.77
30/05/2013,91.75
31/05/2013,91.57
3/06/2013,91.62
4/06/2013,91.41
5/06/2013,91.36
6/06/2013,91.60
7/06/2013,91.31
10/06/2013,91.13
11/06/2013,91.14
12/06/2013,90.99
13/06/2013,91.43
14/06/2013,91.46
17/06/2013,91.39
18/06/2013,91.36
19/06/2013,90.74
20/06/2013,90.14
21/06/2013,89.63
24/06/2013,89.27
25/06/2013,89.37
26/06/2013,89.75
27/06/2013,90.13
28/06/2013,90.14
1/07/2013,90.26
2/07/2013,90.26
3/07/2013,90.13
5/07/2013,89.15
8/07/2013,89.61
9/07/2013,89.70
10/07/2013,89.47
11/07/2013,90.07
12/07/2013,89.97
15/07/2013,90.16
16/07/2013,90.30
17/07/2013,90.50
18/07/2013,90.33
19/07/2013,90.56
22/07/2013,90.68
23/07/2013,90.63
24/07/2013,90.34
25/07/2013,90.37
26/07/2013,90.34
29/07/2013,90.34
30/07/2013,90.31
31/07/2013,90.38
1/08/2013,89.87
2/08/2013,90.17
5/08/2013,90.21
6/08/2013,90.12
7/08/2013,90.24
8/08/2013,90.37
9/08/2013,90.43
12/08/2013,90.37
13/08/2013,90.00
14/08/2013,89.88
15/08/2013,89.56
16/08/2013,89.31
19/08/2013,89.03
20/08/2013,89.29
21/08/2013,88.97
22/08/2013,89.07
23/08/2013,89.37
26/08/2013,89.53
27/08/2013,89.77
28/08/2013,89.60
29/08/2013,89.78
30/08/2013,89.63
3/09/2013,89.41
4/09/2013,89.28
5/09/2013,88.68
6/09/2013,89.01
9/09/2013,89.19
10/09/2013,89.03
11/09/2013,89.33
12/09/2013,89.23
13/09/2013,89.36
16/09/2013,89.55
17/09/2013,89.63
18/09/2013,90.38
19/09/2013,90.27
20/09/2013,90.27
23/09/2013,90.34
24/09/2013,90.55
25/09/2013,90.68
26/09/2013,90.66
27/09/2013,90.71
30/09/2013,90.64
1/10/2013,90.57
2/10/2013,90.69
3/10/2013,90.76
4/10/2013,90.68
7/10/2013,90.66
8/10/2013,90.62
9/10/2013,90.55
10/10/2013,90.65
11/10/2013,90.69
14/10/2013,90.52
15/10/2013,90.48
16/10/2013,90.87
17/10/2013,91.12
18/10/2013,91.27
21/10/2013,91.19
22/10/2013,91.51
23/10/2013,91.48
24/10/2013,91.45
25/10/2013,91.48
28/10/2013,91.44
29/10/2013,91.55
30/10/2013,91.38
31/10/2013,91.39
1/11/2013,91.17
4/11/2013,91.26
5/11/2013,90.99
6/11/2013,91.14
7/11/2013,91.20
8/11/2013,90.64
11/11/2013,90.58
12/11/2013,90.55
13/11/2013,90.79
14/11/2013,91.07
15/11/2013,91.09
18/11/2013,91.27
19/11/2013,91.03
20/11/2013,90.77
21/11/2013,90.86
22/11/2013,90.99
25/11/2013,91.06
26/11/2013,91.09
27/11/2013,91.13
29/11/2013,91.16
2/12/2013,90.82
3/12/2013,90.93
4/12/2013,90.69
5/12/2013,90.49
6/12/2013,90.65
9/12/2013,90.76
10/12/2013,90.90
11/12/2013,90.76
12/12/2013,90.62
13/12/2013,90.66
16/12/2013,90.73
17/12/2013,90.88
18/12/2013,90.84
19/12/2013,90.69
20/12/2013,90.84
23/12/2013,90.80
24/12/2013,90.67
26/12/2013,90.62
27/12/2013,90.65
30/12/2013,90.74
31/12/2013,90.65
2/01/2014,90.71
3/01/2014,90.75
6/01/2014,90.87
7/01/2014,90.91
8/01/2014,90.64
9/01/2014,90.76
10/01/2014,91.22
13/01/2014,91.31
14/01/2014,91.17
15/01/2014,91.10
16/01/2014,91.31
17/01/2014,91.35
21/01/2014,91.40
22/01/2014,91.20
23/01/2014,91.44
24/01/2014,91.63
27/01/2014,91.44
28/01/2014,91.59
29/01/2014,91.86
30/01/2014,91.88
31/01/2014,92.05
3/02/2014,92.36
4/02/2014,92.14
5/02/2014,91.91
6/02/2014,91.87
7/02/2014,92.01
10/02/2014,92.11
11/02/2014,91.93
12/02/2014,91.77
13/02/2014,91.97
14/02/2014,91.97
18/02/2014,92.03
19/02/2014,91.96
20/02/2014,91.91
21/02/2014,92.00
24/02/2014,91.91
25/02/2014,92.16
26/02/2014,92.35
27/02/2014,92.45
28/02/2014,92.40
3/03/2014,92.64
4/03/2014,92.29
5/03/2014,92.35
6/03/2014,92.14
7/03/2014,91.88
10/03/2014,91.88
11/03/2014,91.88
12/03/2014,92.08
13/03/2014,92.32
14/03/2014,92.28
17/03/2014,92.23
18/03/2014,92.34
19/03/2014,91.93
20/03/2014,91.86
21/03/2014,91.99
24/03/2014,92.12
25/03/2014,92.03
26/03/2014,92.32
27/03/2014,92.39
28/03/2014,92.25
31/03/2014,92.26
1/04/2014,92.12
2/04/2014,91.97
3/04/2014,92.03
4/04/2014,92.32
7/04/2014,92.46
8/04/2014,92.57
9/04/2014,92.58
10/04/2014,92.80
11/04/2014,92.88
14/04/2014,92.92
15/04/2014,92.92
16/04/2014,92.98
17/04/2014,92.68
21/04/2014,92.67
22/04/2014,92.65
23/04/2014,92.74
24/04/2014,92.83
25/04/2014,92.85
28/04/2014,92.79
29/04/2014,92.83
30/04/2014,93.02
1/05/2014,93.15
2/05/2014,93.27
5/05/2014,93.23
6/05/2014,93.30
7/05/2014,93.30
8/05/2014,93.36
9/05/2014,93.27
12/05/2014,93.20
13/05/2014,93.35
14/05/2014,93.62
15/05/2014,93.82
16/05/2014,93.71
19/05/2014,93.68
20/05/2014,93.72
21/05/2014,93.69
22/05/2014,93.64
23/05/2014,93.74
27/05/2014,93.82
28/05/2014,94.08
29/05/2014,94.03
30/05/2014,94.12
2/06/2014,93.83
3/06/2014,93.58
4/06/2014,93.55
5/06/2014,93.67
6/06/2014,93.61
9/06/2014,93.53
10/06/2014,93.39
11/06/2014,93.46
12/06/2014,93.64
13/06/2014,93.61
16/06/2014,93.56
17/06/2014,93.39
18/06/2014,93.64
19/06/2014,93.50
20/06/2014,93.67
23/06/2014,93.58
24/06/2014,93.74
25/06/2014,93.87
26/06/2014,94.05
27/06/2014,94.05
30/06/2014,94.06
1/07/2014,93.95
2/07/2014,93.62
3/07/2014,93.56
7/07/2014,93.58
8/07/2014,93.77
9/07/2014,93.85
10/07/2014,93.89
11/07/2014,94.02
14/07/2014,93.95
15/07/2014,93.83
16/07/2014,93.90
17/07/2014,94.18
18/07/2014,94.08
21/07/2014,94.11
22/07/2014,94.26
23/07/2014,94.28
24/07/2014,93.99
25/07/2014,94.17
28/07/2014,94.19
29/07/2014,94.28
30/07/2014,93.95
31/07/2014,93.83
1/08/2014,94.18
4/08/2014,94.16
5/08/2014,94.16
6/08/2014,94.17
7/08/2014,94.35
8/08/2014,94.39
11/08/2014,94.39
12/08/2014,94.35
13/08/2014,94.54
14/08/2014,94.59
15/08/2014,94.83
18/08/2014,94.63
19/08/2014,94.50
20/08/2014,94.39
21/08/2014,94.56
22/08/2014,94.54
25/08/2014,94.62
26/08/2014,94.63
27/08/2014,94.75
28/08/2014,94.94
29/08/2014,94.90
2/09/2014,94.61
3/09/2014,94.72
4/09/2014,94.60
5/09/2014,94.55
8/09/2014,94.45
9/09/2014,94.32
10/09/2014,94.19
11/09/2014,94.10
12/09/2014,93.91
15/09/2014,93.89
16/09/2014,93.89
17/09/2014,93.78
18/09/2014,93.79
19/09/2014,93.95
22/09/2014,94.08
23/09/2014,94.17
24/09/2014,94.10
25/09/2014,94.29
26/09/2014,94.28
29/09/2014,94.38
30/09/2014,94.32
1/10/2014,94.85
2/10/2014,94.69
3/10/2014,94.65
6/10/2014,94.74
7/10/2014,95.10
8/10/2014,95.37
9/10/2014,95.18
10/10/2014,95.25
13/10/2014,95.52
14/10/2014,95.74
15/10/2014,95.91
16/10/2014,95.84
17/10/2014,95.71
20/10/2014,95.82
21/10/2014,95.73
22/10/2014,95.68
23/10/2014,95.45
24/10/2014,95.49
27/10/2014,95.52
28/10/2014,95.38
29/10/2014,95.17
30/10/2014,95.32
31/10/2014,95.32
3/11/2014,95.14
4/11/2014,95.15
5/11/2014,95.19
6/11/2014,95.02
7/11/2014,95.34
10/11/2014,95.12
11/11/2014,95.16
12/11/2014,95.17
13/11/2014,95.21
14/11/2014,95.30
17/11/2014,95.19
18/11/2014,95.27
19/11/2014,95.05
20/11/2014,95.22
21/11/2014,95.33
24/11/2014,95.37
25/11/2014,95.58
26/11/2014,95.66
28/11/2014,95.95
1/12/2014,95.73
2/12/2014,95.54
3/12/2014,95.46
4/12/2014,95.74
5/12/2014,95.33
8/12/2014,95.57
9/12/2014,95.72
10/12/2014,95.88
11/12/2014,95.85
12/12/2014,96.15
15/12/2014,95.89
16/12/2014,96.13
17/12/2014,96.00
18/12/2014,95.75
19/12/2014,95.91
22/12/2014,96.06
23/12/2014,95.61
24/12/2014,95.72
26/12/2014,95.76
29/12/2014,95.96
30/12/2014,96.07
31/12/2014,96.09
2/01/2015,96.36
5/01/2015,96.57
6/01/2015,96.82
7/01/2015,96.80
8/01/2015,96.65
9/01/2015,96.89
12/01/2015,96.96
13/01/2015,96.99
14/01/2015,97.23
15/01/2015,97.67
16/01/2015,97.30
20/01/2015,97.46
21/01/2015,97.29
22/01/2015,97.24
23/01/2015,97.48
26/01/2015,97.44
27/01/2015,97.38
28/01/2015,97.79
29/01/2015,97.72
30/01/2015,98.06
2/02/2015,98.06
3/02/2015,97.68
4/02/2015,97.83
5/02/2015,97.63
6/02/2015,97.06
9/02/2015,97.05
10/02/2015,96.94
11/02/2015,96.90
12/02/2015,96.92
13/02/2015,96.80
17/02/2015,96.41
18/02/2015,96.68
19/02/2015,96.60
20/02/2015,96.62
23/02/2015,96.79
24/02/2015,97.22
25/02/2015,97.29
26/02/2015,96.94
27/02/2015,97.19
2/03/2015,96.69
3/03/2015,96.57
4/03/2015,96.62
5/03/2015,96.67
6/03/2015,96.04
9/03/2015,96.28
10/03/2015,96.51
11/03/2015,96.70
12/03/2015,96.78
13/03/2015,96.60
16/03/2015,96.81
17/03/2015,96.79
18/03/2015,97.50
19/03/2015,97.16
20/03/2015,97.45
23/03/2015,97.47
24/03/2015,97.73
25/03/2015,97.55
26/03/2015,97.20
27/03/2015,97.34
30/03/2015,97.38
31/03/2015,97.55
1/04/2015,97.87
2/04/2015,97.74
6/04/2015,97.80
7/04/2015,97.82
8/04/2015,97.82
9/04/2015,97.58
10/04/2015,97.58
13/04/2015,97.68
14/04/2015,97.79
15/04/2015,97.92
16/04/2015,97.87
17/04/2015,97.95
20/04/2015,97.88
21/04/2015,97.77
22/04/2015,97.48
23/04/2015,97.63
24/04/2015,97.80
27/04/2015,97.83
28/04/2015,97.46
29/04/2015,97.24
30/04/2015,97.24
1/05/2015,96.96
4/05/2015,96.78
5/05/2015,96.69
6/05/2015,96.36
7/05/2015,96.60
8/05/2015,96.92
11/05/2015,96.30
12/05/2015,96.29
13/05/2015,96.28
14/05/2015,96.43
15/05/2015,96.84
18/05/2015,96.47
19/05/2015,96.13
20/05/2015,96.28
21/05/2015,96.58
22/05/2015,96.48
26/05/2015,96.71
27/05/2015,96.81
28/05/2015,96.78
29/05/2015,96.81
1/06/2015,96.54
2/06/2015,96.16
3/06/2015,95.79
4/06/2015,95.99
5/06/2015,95.57
8/06/2015,95.71
9/06/2015,95.43
10/06/2015,95.20
11/06/2015,95.71
12/06/2015,95.59
15/06/2015,95.71
16/06/2015,95.87
17/06/2015,95.87
18/06/2015,95.85
19/06/2015,96.15
22/06/2015,95.67
23/06/2015,95.45
24/06/2015,95.60
25/06/2015,95.50
26/06/2015,95.27
29/06/2015,95.83
30/06/2015,95.77
1/07/2015,95.53
2/07/2015,95.66
6/07/2015,96.00
7/07/2015,96.14
8/07/2015,96.36
9/07/2015,96.01
10/07/2015,95.61
13/07/2015,95.46
14/07/2015,95.62
15/07/2015,95.88
16/07/2015,95.96
17/07/2015,95.97
20/07/2015,95.80
21/07/2015,95.96
22/07/2015,96.00
23/07/2015,96.28
24/07/2015,96.26
27/07/2015,96.38
28/07/2015,96.29
29/07/2015,96.21
30/07/2015,96.21
31/07/2015,96.59
3/08/2015,96.69
4/08/2015,96.41
5/08/2015,96.23
6/08/2015,96.35
7/08/2015,96.52
10/08/2015,96.39
11/08/2015,96.71
12/08/2015,96.65
13/08/2015,96.45
14/08/2015,96.40
17/08/2015,96.57
18/08/2015,96.39
19/08/2015,96.69
20/08/2015,96.84
21/08/2015,97.01
24/08/2015,96.98
25/08/2015,96.75
26/08/2015,96.30
27/08/2015,96.43
28/08/2015,96.34
31/08/2015,96.27
1/09/2015,96.55
2/09/2015,96.43
3/09/2015,96.57
4/09/2015,96.78
8/09/2015,96.55
9/09/2015,96.58
10/09/2015,96.48
11/09/2015,96.59
14/09/2015,96.62
15/09/2015,96.18
16/09/2015,96.10
17/09/2015,96.71
18/09/2015,96.79
21/09/2015,96.53
22/09/2015,96.76
23/09/2015,96.68
24/09/2015,96.80
25/09/2015,96.63
28/09/2015,96.86
29/09/2015,97.02
30/09/2015,97.05
1/10/2015,97.13
2/10/2015,97.42
5/10/2015,97.06
6/10/2015,97.29
7/10/2015,97.22
8/10/2015,97.09
9/10/2015,97.01
12/10/2015,97.26
13/10/2015,97.27
14/10/2015,97.63
15/10/2015,97.50
16/10/2015,97.40
19/10/2015,97.50
20/10/2015,97.30
21/10/2015,97.53
22/10/2015,97.55
23/10/2015,97.38
26/10/2015,97.43
27/10/2015,97.57
28/10/2015,97.28
29/10/2015,96.86
30/10/2015,97.12
2/11/2015,96.93
3/11/2015,96.75
4/11/2015,96.75
5/11/2015,96.70
6/11/2015,96.24
9/11/2015,96.18
10/11/2015,96.36
11/11/2015,96.23
12/11/2015,96.32
13/11/2015,96.51
16/11/2015,96.59
17/11/2015,96.66
18/11/2015,96.59
19/11/2015,96.63
20/11/2015,96.57
23/11/2015,96.60
24/11/2015,96.69
25/11/2015,96.73
27/11/2015,96.70
30/11/2015,96.74
1/12/2015,97.08
2/12/2015,96.96
3/12/2015,96.25
4/12/2015,96.56
7/12/2015,96.70
8/12/2015,96.74
9/12/2015,96.74
10/12/2015,96.72
11/12/2015,96.96
14/12/2015,96.51
15/12/2015,96.52
16/12/2015,96.35
17/12/2015,96.48
18/12/2015,96.69
21/12/2015,96.60
22/12/2015,96.53
23/12/2015,96.51
24/12/2015,96.55
28/12/2015,96.55
29/12/2015,96.31
30/12/2015,96.29
31/12/2015,96.55
4/01/2016,96.52
5/01/2016,96.56
6/01/2016,96.93
7/01/2016,96.92
8/01/2016,97.14
11/01/2016,96.86
12/01/2016,97.07
13/01/2016,97.30
14/01/2016,97.26
15/01/2016,97.38
19/01/2016,97.28
20/01/2016,97.36
21/01/2016,97.22
22/01/2016,97.30
25/01/2016,97.24
26/01/2016,97.37
27/01/2016,97.39
28/01/2016,97.47
29/01/2016,97.75
1/02/2016,97.63
2/02/2016,97.93
3/02/2016,97.92
4/02/2016,98.02
5/02/2016,97.93
8/02/2016,98.31
9/02/2016,98.30
10/02/2016,98.54
11/02/2016,98.60
12/02/2016,98.33
16/02/2016,98.09
17/02/2016,98.04
18/02/2016,98.33
19/02/2016,98.35
22/02/2016,98.38
23/02/2016,98.40
24/02/2016,98.43
25/02/2016,98.68
26/02/2016,98.50
29/02/2016,98.62
1/03/2016,98.32
2/03/2016,98.22
3/03/2016,98.33
4/03/2016,98.18
7/03/2016,98.15
8/03/2016,98.40
9/03/2016,98.35
10/03/2016,98.40
11/03/2016,98.22
14/03/2016,98.27
15/03/2016,98.18
16/03/2016,98.60
17/03/2016,98.81
18/03/2016,98.89
21/03/2016,98.67
22/03/2016,98.61
23/03/2016,98.83
24/03/2016,98.84
28/03/2016,98.91
29/03/2016,99.20
30/03/2016,99.17
31/03/2016,99.48
1/04/2016,99.39
4/04/2016,99.49
5/04/2016,99.63
6/04/2016,99.61
7/04/2016,99.83
8/04/2016,99.73
11/04/2016,99.80
12/04/2016,99.64
13/04/2016,99.68
14/04/2016,99.51
15/04/2016,99.79
18/04/2016,99.78
19/04/2016,99.77
20/04/2016,99.53
21/04/2016,99.39
22/04/2016,99.40
25/04/2016,99.29
26/04/2016,99.25
27/04/2016,99.55
28/04/2016,99.74
29/04/2016,99.74
2/05/2016,99.67
3/05/2016,99.85
4/05/2016,99.89
5/05/2016,100.15
6/05/2016,99.99
9/05/2016,100.06
10/05/2016,100.10
11/05/2016,100.10
12/05/2016,100.01
13/05/2016,100.20
16/05/2016,100.03
17/05/2016,99.89
18/05/2016,99.48
19/05/2016,99.54
20/05/2016,99.60
23/05/2016,99.59
24/05/2016,99.53
25/05/2016,99.55
26/05/2016,99.70
27/05/2016,99.69
31/05/2016,99.75
1/06/2016,99.69
2/06/2016,99.95
3/06/2016,100.49
6/06/2016,100.35
7/06/2016,100.44
8/06/2016,100.48
9/06/2016,100.55
10/06/2016,100.69
13/06/2016,100.77
14/06/2016,100.72
15/06/2016,100.94
16/06/2016,101.00
17/06/2016,100.93
20/06/2016,100.65
21/06/2016,100.58
22/06/2016,100.64
23/06/2016,100.47
24/06/2016,101.01
27/06/2016,101.42
28/06/2016,101.54
29/06/2016,101.47
30/06/2016,101.68
1/07/2016,101.90
5/07/2016,102.17
6/07/2016,102.36
7/07/2016,102.29
8/07/2016,102.44
11/07/2016,102.17
12/07/2016,101.86
13/07/2016,102.01
14/07/2016,101.92
15/07/2016,101.55
18/07/2016,101.56
19/07/2016,101.77
20/07/2016,101.68
21/07/2016,101.77
22/07/2016,101.79
25/07/2016,101.67
26/07/2016,101.67
27/07/2016,101.97
28/07/2016,101.96
29/07/2016,102.23
1/08/2016,101.99
2/08/2016,101.70
3/08/2016,101.80
4/08/2016,101.99
5/08/2016,101.65
8/08/2016,101.71
9/08/2016,101.98
10/08/2016,102.09
11/08/2016,101.82
12/08/2016,102.07
15/08/2016,101.89
16/08/2016,101.82
17/08/2016,102.01
18/08/2016,102.16
19/08/2016,101.93
22/08/2016,102.09
23/08/2016,102.11
24/08/2016,102.08
25/08/2016,101.97
26/08/2016,101.80
29/08/2016,102.09
30/08/2016,102.03
31/08/2016,102.01
1/09/2016,102.10
2/09/2016,101.97
6/09/2016,102.18
7/09/2016,102.24
8/09/2016,101.88
9/09/2016,101.44
12/09/2016,101.52
13/09/2016,101.24
14/09/2016,101.37
15/09/2016,101.43
16/09/2016,101.50
19/09/2016,101.42
20/09/2016,101.46
21/09/2016,101.71
22/09/2016,101.92
23/09/2016,101.89
26/09/2016,102.02
27/09/2016,102.15
28/09/2016,102.17
29/09/2016,102.17
30/09/2016,102.07
3/10/2016,101.95
4/10/2016,101.60
5/10/2016,101.47
6/10/2016,101.47
7/10/2016,101.49
10/10/2016,101.44
11/10/2016,101.29
12/10/2016,101.32
13/10/2016,101.47
14/10/2016,101.29
17/10/2016,101.47
18/10/2016,101.63
19/10/2016,101.69
20/10/2016,101.65
21/10/2016,101.71
24/10/2016,101.56
25/10/2016,101.56
26/10/2016,101.36
27/10/2016,101.10
28/10/2016,101.10
31/10/2016,101.23
1/11/2016,101.18
2/11/2016,101.29
3/11/2016,101.16
4/11/2016,101.37
7/11/2016,101.25
8/11/2016,101.09
9/11/2016,100.15
10/11/2016,99.74
11/11/2016,99.55
14/11/2016,99.15
15/11/2016,99.23
16/11/2016,99.45
17/11/2016,99.07
18/11/2016,98.75
21/11/2016,98.83
22/11/2016,98.93
23/11/2016,98.58
25/11/2016,98.57
28/11/2016,98.92
29/11/2016,99.03
30/11/2016,98.63
1/12/2016,98.31
2/12/2016,98.62
5/12/2016,98.70
6/12/2016,98.68
7/12/2016,98.94
8/12/2016,98.76
9/12/2016,98.46
12/12/2016,98.36
13/12/2016,98.49
14/12/2016,97.95
15/12/2016,97.83
16/12/2016,97.90
19/12/2016,98.15
20/12/2016,98.06
21/12/2016,98.27
22/12/2016,98.27
23/12/2016,98.30
27/12/2016,98.23
28/12/2016,98.38
29/12/2016,98.68
30/12/2016,98.88
3/01/2017,98.99
4/01/2017,99.01
5/01/2017,99.42
6/01/2017,99.10
9/01/2017,99.26
10/01/2017,99.23
11/01/2017,99.35
12/01/2017,99.39
13/01/2017,99.21
17/01/2017,99.55
18/01/2017,99.12
19/01/2017,98.87
20/01/2017,98.90
23/01/2017,99.18
24/01/2017,99.02
25/01/2017,98.76
26/01/2017,98.82
27/01/2017,98.90
30/01/2017,98.86
31/01/2017,99.10
1/02/2017,98.96
2/02/2017,99.01
3/02/2017,99.04
6/02/2017,99.32
7/02/2017,99.42
8/02/2017,99.71
9/02/2017,99.47
10/02/2017,99.45
13/02/2017,99.30
14/02/2017,99.08
15/02/2017,98.93
16/02/2017,99.14
17/02/2017,99.36
21/02/2017,99.35
22/02/2017,99.41
23/02/2017,99.58
24/02/2017,99.95
27/02/2017,99.76
28/02/2017,99.74
1/03/2017,99.27
2/03/2017,99.08
3/03/2017,99.16
6/03/2017,99.11
7/03/2017,98.98
8/03/2017,98.74
9/03/2017,98.44
10/03/2017,98.59
13/03/2017,98.42
14/03/2017,98.46
15/03/2017,99.03
16/03/2017,98.92
17/03/2017,99.13
20/03/2017,99.28
21/03/2017,99.48
22/03/2017,99.62
23/03/2017,99.64
24/03/2017,99.56
27/03/2017,99.80
28/03/2017,99.57
29/03/2017,99.79
30/03/2017,99.61
31/03/2017,99.68
3/04/2017,100.05
4/04/2017,99.96
5/04/2017,100.07
6/04/2017,100.06
7/04/2017,99.84
10/04/2017,99.97
11/04/2017,100.25
12/04/2017,100.47
13/04/2017,100.60
17/04/2017,100.55
18/04/2017,100.95
19/04/2017,100.80
20/04/2017,100.64
21/04/2017,100.67
24/04/2017,100.52
25/04/2017,100.19
26/04/2017,100.32
27/04/2017,100.41
28/04/2017,100.58
1/05/2017,100.32
2/05/2017,100.46
3/05/2017,100.36
4/05/2017,100.28
5/05/2017,100.30
8/05/2017,100.10
9/05/2017,100.11
10/05/2017,100.14
11/05/2017,100.13
12/05/2017,100.50
15/05/2017,100.46
16/05/2017,100.59
17/05/2017,101.11
18/05/2017,101.05
19/05/2017,101.05
22/05/2017,100.99
23/05/2017,100.80
24/05/2017,100.97
25/05/2017,101.02
26/05/2017,100.98
30/05/2017,101.17
31/05/2017,101.28
1/06/2017,101.23
2/06/2017,101.56
5/06/2017,101.40
6/06/2017,101.61
7/06/2017,101.49
8/06/2017,101.39
9/06/2017,101.30
12/06/2017,101.30
13/06/2017,101.33
14/06/2017,101.65
15/06/2017,101.59
16/06/2017,101.65
19/06/2017,101.52
20/06/2017,101.67
21/06/2017,101.69
22/06/2017,101.74
23/06/2017,101.76
26/06/2017,101.85
27/06/2017,101.54
28/06/2017,101.58
29/06/2017,101.39
30/06/2017,101.26
3/07/2017,101.08
5/07/2017,101.13
6/07/2017,100.94
7/07/2017,100.90
10/07/2017,100.95
11/07/2017,101.04
12/07/2017,101.34
13/07/2017,101.23
14/07/2017,101.34
17/07/2017,101.38
18/07/2017,101.61
19/07/2017,101.64
20/07/2017,101.67
21/07/2017,101.85
24/07/2017,101.75
25/07/2017,101.39
26/07/2017,101.59
27/07/2017,101.44
28/07/2017,101.64
31/07/2017,101.60
1/08/2017,101.87
2/08/2017,101.80
3/08/2017,102.00
4/08/2017,101.84
7/08/2017,101.83
8/08/2017,101.73
9/08/2017,101.83
10/08/2017,101.93
11/08/2017,102.01
14/08/2017,101.97
15/08/2017,101.82
16/08/2017,102.00
17/08/2017,102.15
18/08/2017,102.09
21/08/2017,102.16
22/08/2017,102.07
23/08/2017,102.30
24/08/2017,102.17
25/08/2017,102.24
28/08/2017,102.28
29/08/2017,102.43
30/08/2017,102.41
31/08/2017,102.55
1/09/2017,102.32
5/09/2017,102.74
6/09/2017,102.63
7/09/2017,102.88
8/09/2017,102.76
11/09/2017,102.48
12/09/2017,102.33
13/09/2017,102.23
14/09/2017,102.28
15/09/2017,102.26
18/09/2017,102.22
19/09/2017,102.16
20/09/2017,102.08
21/09/2017,102.06
22/09/2017,102.13
25/09/2017,102.37
26/09/2017,102.34
27/09/2017,102.04
28/09/2017,102.05
29/09/2017,101.97
2/10/2017,102.03
3/10/2017,102.11
4/10/2017,102.08
5/10/2017,102.04
6/10/2017,101.89
9/10/2017,102.03
10/10/2017,102.04
11/10/2017,102.06
12/10/2017,102.18
13/10/2017,102.43
16/10/2017,102.33
17/10/2017,102.29
18/10/2017,102.13
19/10/2017,102.20
20/10/2017,101.91
23/10/2017,102.02
24/10/2017,101.80
25/10/2017,101.74
26/10/2017,101.63
27/10/2017,101.85
30/10/2017,102.13
31/10/2017,102.06
1/11/2017,102.11
2/11/2017,102.17
3/11/2017,102.26
6/11/2017,102.35
7/11/2017,102.38
8/11/2017,102.32
9/11/2017,102.24
10/11/2017,101.83
13/11/2017,101.83
14/11/2017,101.93
15/11/2017,102.13
16/11/2017,102.02
17/11/2017,102.13
20/11/2017,102.07
21/11/2017,102.18
22/11/2017,102.35
24/11/2017,102.33
27/11/2017,102.33
28/11/2017,102.33
29/11/2017,102.08
30/11/2017,101.91
1/12/2017,102.20
4/12/2017,102.20
5/12/2017,102.30
6/12/2017,102.40
7/12/2017,102.27
8/12/2017,102.23
11/12/2017,102.20
12/12/2017,102.15
13/12/2017,102.44
14/12/2017,102.47
15/12/2017,102.50
18/12/2017,102.36
19/12/2017,102.06
20/12/2017,101.83
21/12/2017,101.92
22/12/2017,101.97
26/12/2017,102.05
27/12/2017,102.37
28/12/2017,102.29
29/12/2017,102.40
2/01/2018,102.25
3/01/2018,102.26
4/01/2018,102.19
5/01/2018,102.13
8/01/2018,102.10
9/01/2018,101.82
10/01/2018,101.82
11/01/2018,101.86
12/01/2018,101.85
16/01/2018,101.87
17/01/2018,101.76
18/01/2018,101.54
19/01/2018,101.32
22/01/2018,101.28
23/01/2018,101.53
24/01/2018,101.42
25/01/2018,101.69
26/01/2018,101.50
29/01/2018,101.32
30/01/2018,101.16
31/01/2018,101.25
1/02/2018,100.93
2/02/2018,100.63
5/02/2018,101.03
6/02/2018,100.74
7/02/2018,100.52
8/02/2018,100.35
9/02/2018,100.22
12/02/2018,100.24
13/02/2018,100.27
14/02/2018,99.93
15/02/2018,100.06
16/02/2018,100.25
20/02/2018,100.15
21/02/2018,99.83
22/02/2018,99.84
23/02/2018,100.09
26/02/2018,100.17
27/02/2018,99.95
28/02/2018,100.22
1/03/2018,100.31
2/03/2018,100.15
5/03/2018,100.10
6/03/2018,100.12
7/03/2018,100.10
8/03/2018,100.26
9/03/2018,100.07
12/03/2018,100.13
13/03/2018,100.26
14/03/2018,100.43
15/03/2018,100.44
16/03/2018,100.38
19/03/2018,100.28
20/03/2018,100.12
21/03/2018,100.11
22/03/2018,100.30
23/03/2018,100.30
26/03/2018,100.26
27/03/2018,100.55
28/03/2018,100.61
29/03/2018,100.90
2/04/2018,100.80
3/04/2018,100.68
4/04/2018,100.72
5/04/2018,100.58
6/04/2018,100.81
9/04/2018,100.89
10/04/2018,100.82
11/04/2018,100.90
12/04/2018,100.67
13/04/2018,100.70
16/04/2018,100.72
17/04/2018,100.75
18/04/2018,100.47
19/04/2018,100.22
20/04/2018,99.95
23/04/2018,99.90
24/04/2018,99.77
25/04/2018,99.64
26/04/2018,99.81
27/04/2018,99.93
30/04/2018,99.95
1/05/2018,99.86
2/05/2018,99.86
3/05/2018,99.98
4/05/2018,100.04
7/05/2018,99.99
8/05/2018,99.88
9/05/2018,99.77
10/05/2018,99.99
11/05/2018,100.04
14/05/2018,99.95
15/05/2018,99.50
16/05/2018,99.39
17/05/2018,99.26
18/05/2018,99.51
21/05/2018,99.52
22/05/2018,99.52
23/05/2018,99.80
24/05/2018,100.07
25/05/2018,100.29
29/05/2018,100.95
30/05/2018,100.69
31/05/2018,100.61
1/06/2018,100.49
4/06/2018,100.25
5/06/2018,100.32
6/06/2018,100.10
7/06/2018,100.31
8/06/2018,100.17
11/06/2018,100.07
12/06/2018,100.10
13/06/2018,100.00
14/06/2018,100.26
15/06/2018,100.30
18/06/2018,100.31
19/06/2018,100.42
20/06/2018,100.23
21/06/2018,100.26
22/06/2018,100.35
25/06/2018,100.30
26/06/2018,100.46
27/06/2018,100.64
28/06/2018,100.63
29/06/2018,100.71
2/07/2018,100.62
3/07/2018,100.83
5/07/2018,100.92
6/07/2018,101.02
9/07/2018,100.93
10/07/2018,100.85
11/07/2018,100.89
12/07/2018,101.02
13/07/2018,101.11
16/07/2018,101.00
17/07/2018,100.96
18/07/2018,100.93
19/07/2018,101.08
20/07/2018,100.88
23/07/2018,100.53
24/07/2018,100.67
25/07/2018,100.68
26/07/2018,100.63
27/07/2018,100.70
30/07/2018,100.60
31/07/2018,100.68
1/08/2018,100.58
2/08/2018,100.62
3/08/2018,100.84
6/08/2018,100.90
7/08/2018,100.72
8/08/2018,100.72
9/08/2018,100.86
10/08/2018,101.08
13/08/2018,101.14
14/08/2018,101.05
15/08/2018,101.19
16/08/2018,101.25
17/08/2018,101.30
20/08/2018,101.50
21/08/2018,101.42
22/08/2018,101.50
23/08/2018,101.45
24/08/2018,101.56
27/08/2018,101.43
28/08/2018,101.24
29/08/2018,101.22
30/08/2018,101.26
31/08/2018,101.25
4/09/2018,101.14
5/09/2018,101.09
6/09/2018,101.27
7/09/2018,100.90
10/09/2018,101.00
11/09/2018,100.83
12/09/2018,100.89
13/09/2018,100.96
14/09/2018,100.77
17/09/2018,100.77
18/09/2018,100.55
19/09/2018,100.36
20/09/2018,100.49
21/09/2018,100.57
24/09/2018,100.47
25/09/2018,100.43
26/09/2018,100.67
27/09/2018,100.73
28/09/2018,100.63
1/10/2018,100.60
2/10/2018,100.72
3/10/2018,100.24
4/10/2018,99.95
5/10/2018,99.73
8/10/2018,99.69
9/10/2018,99.84
10/10/2018,99.81
11/10/2018,100.10
12/10/2018,100.13
15/10/2018,100.07
16/10/2018,100.12
17/10/2018,99.92
18/10/2018,99.86
19/10/2018,99.77
22/10/2018,99.75
23/10/2018,99.87
24/10/2018,100.13
25/10/2018,100.05
26/10/2018,100.28
29/10/2018,100.17
30/10/2018,100.03
31/10/2018,99.98
1/11/2018,100.23
2/11/2018,99.93
5/11/2018,100.00
6/11/2018,100.01
7/11/2018,100.10
8/11/2018,99.91
9/11/2018,100.04
12/11/2018,100.20
13/11/2018,100.24
14/11/2018,100.25
15/11/2018,100.38
16/11/2018,100.54
19/11/2018,100.53
20/11/2018,100.49
21/11/2018,100.56
23/11/2018,100.53
26/11/2018,100.51
27/11/2018,100.54
28/11/2018,100.73
29/11/2018,100.78
30/11/2018,100.75
3/12/2018,100.92
4/12/2018,101.18
6/12/2018,101.44
7/12/2018,101.57
10/12/2018,101.64
11/12/2018,101.67
12/12/2018,101.59
13/12/2018,101.62
14/12/2018,101.65
17/12/2018,101.82
18/12/2018,102.12
19/12/2018,102.22
20/12/2018,102.12
21/12/2018,102.07
24/12/2018,102.14
26/12/2018,101.95
27/12/2018,102.11
28/12/2018,102.49
31/12/2018,102.75
2/01/2019,102.82
3/01/2019,103.25
4/01/2019,102.94
7/01/2019,102.77
8/01/2019,102.69
9/01/2019,102.78
10/01/2019,102.66
11/01/2019,102.80
14/01/2019,102.66
15/01/2019,102.68
16/01/2019,102.77
17/01/2019,102.69
18/01/2019,102.61
22/01/2019,102.70
23/01/2019,102.80
24/01/2019,102.98
25/01/2019,102.93
28/01/2019,102.87
29/01/2019,103.14
30/01/2019,103.37
31/01/2019,103.68
1/02/2019,103.47
4/02/2019,103.38
5/02/2019,103.60
6/02/2019,103.55
7/02/2019,103.59
8/02/2019,103.83
11/02/2019,103.72
12/02/2019,103.74
13/02/2019,103.56
14/02/2019,103.71
15/02/2019,103.79
19/02/2019,103.85
20/02/2019,103.85
21/02/2019,103.62
22/02/2019,103.88
25/02/2019,103.85
26/02/2019,103.97
27/02/2019,103.75
28/02/2019,103.56
1/03/2019,103.40
4/03/2019,103.52
5/03/2019,103.59
6/03/2019,103.75
7/03/2019,104.04
8/03/2019,104.17
11/03/2019,104.18
12/03/2019,104.38
13/03/2019,104.33
14/03/2019,104.17
15/03/2019,104.43
18/03/2019,104.42
19/03/2019,104.36
20/03/2019,104.78
21/03/2019,104.80
22/03/2019,105.33
25/03/2019,105.52
26/03/2019,105.54
27/03/2019,105.76
28/03/2019,105.77
29/03/2019,105.76
1/04/2019,105.28
2/04/2019,105.40
3/04/2019,105.20
4/04/2019,105.28
5/04/2019,105.36
8/04/2019,105.31
9/04/2019,105.37
10/04/2019,105.57
11/04/2019,105.44
12/04/2019,105.24
15/04/2019,105.22
16/04/2019,105.04
17/04/2019,105.03
18/04/2019,105.16
22/04/2019,105.04
23/04/2019,105.22
24/04/2019,105.46
25/04/2019,105.45
26/04/2019,105.67
29/04/2019,105.48
30/04/2019,105.55
1/05/2019,105.62
2/05/2019,105.39
3/05/2019,105.56
6/05/2019,105.70
7/05/2019,105.82
8/05/2019,105.80
9/05/2019,105.86
10/05/2019,105.88
13/05/2019,106.06
14/05/2019,106.15
15/05/2019,106.33
16/05/2019,106.20
17/05/2019,106.23
20/05/2019,106.09
21/05/2019,106.08
22/05/2019,106.25
23/05/2019,106.56
24/05/2019,106.60
28/05/2019,106.76
29/05/2019,106.79
30/05/2019,107.07
31/05/2019,107.57
3/06/2019,107.82
4/06/2019,107.72
5/06/2019,107.67
6/06/2019,107.65
7/06/2019,107.95
10/06/2019,107.67
11/06/2019,107.65
12/06/2019,107.78
13/06/2019,108.02
14/06/2019,107.99
17/06/2019,107.96
18/06/2019,108.25
19/06/2019,108.62
20/06/2019,108.81
21/06/2019,108.53
24/06/2019,108.72
25/06/2019,108.74
26/06/2019,108.50
27/06/2019,108.80
28/06/2019,108.75
1/07/2019,108.83
2/07/2019,109.03
3/07/2019,109.20
5/07/2019,108.74
8/07/2019,108.68
9/07/2019,108.65
10/07/2019,108.73
11/07/2019,108.33
12/07/2019,108.45
15/07/2019,108.60
16/07/2019,108.49
17/07/2019,108.77
18/07/2019,108.95
19/07/2019,108.82
22/07/2019,108.96
23/07/2019,108.85
24/07/2019,109.01
25/07/2019,108.84
26/07/2019,108.86
29/07/2019,108.91
30/07/2019,108.90
31/07/2019,108.95
1/08/2019,109.80
2/08/2019,109.84
5/08/2019,110.32
6/08/2019,110.62
7/08/2019,110.56
8/08/2019,110.66
9/08/2019,110.52
12/08/2019,110.92
13/08/2019,110.76
14/08/2019,111.11
15/08/2019,111.62
16/08/2019,111.53
19/08/2019,111.23
20/08/2019,111.54
21/08/2019,111.48
22/08/2019,111.18
23/08/2019,111.64
26/08/2019,111.59
27/08/2019,111.94
28/08/2019,111.95
29/08/2019,111.88
30/08/2019,111.98
3/09/2019,111.95
4/09/2019,112.15
5/09/2019,111.67
6/09/2019,111.79
9/09/2019,111.31
10/09/2019,110.71
11/09/2019,110.73
12/09/2019,110.56
13/09/2019,109.90
16/09/2019,110.19
17/09/2019,110.36
18/09/2019,110.49
19/09/2019,110.64
20/09/2019,111.05
23/09/2019,111.10
24/09/2019,111.40
25/09/2019,110.94
26/09/2019,111.13
27/09/2019,111.26
30/09/2019,111.29
1/10/2019,111.50
2/10/2019,111.57
3/10/2019,112.01
4/10/2019,112.19
7/10/2019,111.88
8/10/2019,111.92
9/10/2019,111.86
10/10/2019,111.48
11/10/2019,111.11
14/10/2019,111.30
15/10/2019,110.93
16/10/2019,111.13
17/10/2019,111.10
18/10/2019,111.18
21/10/2019,110.87
22/10/2019,111.04
23/10/2019,111.13
24/10/2019,111.16
25/10/2019,111.00
28/10/2019,110.77
29/10/2019,110.78
30/10/2019,111.09
31/10/2019,111.53
1/11/2019,111.56
4/11/2019,111.28
5/11/2019,110.86
6/11/2019,111.03
7/11/2019,110.51
8/11/2019,110.45
11/11/2019,110.47
12/11/2019,110.59
13/11/2019,110.79
14/11/2019,111.10
15/11/2019,111.04
18/11/2019,111.25
19/11/2019,111.33
20/11/2019,111.60
21/11/2019,111.44
22/11/2019,111.50
25/11/2019,111.61
26/11/2019,111.76
27/11/2019,111.63
29/11/2019,111.49
2/12/2019,111.36
3/12/2019,111.87
4/12/2019,111.68
5/12/2019,111.55
6/12/2019,111.39
9/12/2019,111.45
10/12/2019,111.41
11/12/2019,111.71
12/12/2019,111.24
13/12/2019,111.68
16/12/2019,111.45
17/12/2019,111.46
18/12/2019,111.25
19/12/2019,111.37
20/12/2019,111.39
23/12/2019,111.31
24/12/2019,111.44
26/12/2019,111.54
27/12/2019,111.69
30/12/2019,111.69
31/12/2019,111.43
2/01/2020,111.74
3/01/2020,112.07
6/01/2020,111.98
7/01/2020,111.86
8/01/2020,111.73
9/01/2020,111.85
10/01/2020,112.04
13/01/2020,111.97
14/01/2020,112.07
15/01/2020,112.24
16/01/2020,112.24
17/01/2020,112.11
21/01/2020,112.43
22/01/2020,112.49
23/01/2020,112.63
24/01/2020,112.84
27/01/2020,113.19
28/01/2020,113.09
29/01/2020,113.35
30/01/2020,113.36
31/01/2020,113.70
3/02/2020,113.66
4/02/2020,113.28
5/02/2020,113.11
6/02/2020,113.18
7/02/2020,113.51
10/02/2020,113.64
11/02/2020,113.50
12/02/2020,113.38
13/02/2020,113.46
14/02/2020,113.58
18/02/2020,113.73
19/02/2020,113.70
20/02/2020,113.96
21/02/2020,114.19
24/02/2020,114.55
25/02/2020,114.75
26/02/2020,114.63
27/02/2020,114.65
28/02/2020,115.50
2/03/2020,115.46
3/03/2020,116.24
4/03/2020,116.15
5/03/2020,116.51
6/03/2020,117.37
9/03/2020,117.22
10/03/2020,115.89
11/03/2020,114.24
12/03/2020,109.67
13/03/2020,111.39
16/03/2020,113.26
17/03/2020,110.33
18/03/2020,106.13
19/03/2020,108.50
20/03/2020,109.57
23/03/2020,112.17
24/03/2020,113.10
25/03/2020,114.25
26/03/2020,114.60
27/03/2020,115.09
30/03/2020,115.20
31/03/2020,114.89
1/04/2020,114.50
2/04/2020,114.67
3/04/2020,114.75
6/04/2020,115.31
7/04/2020,115.47
8/04/2020,115.58
9/04/2020,117.01
13/04/2020,116.46
14/04/2020,116.52
15/04/2020,117.00
16/04/2020,117.15
17/04/2020,117.01
20/04/2020,116.84
21/04/2020,116.90
22/04/2020,116.90
23/04/2020,117.18
24/04/2020,117.12
27/04/2020,116.58
28/04/2020,117.04
29/04/2020,117.12
30/04/2020,116.86
1/05/2020,116.87
4/05/2020,116.97
5/05/2020,116.88
6/05/2020,116.41
7/05/2020,116.77
8/05/2020,116.46
11/05/2020,116.11
12/05/2020,116.41
13/05/2020,116.60
14/05/2020,116.96
