Date,BTCUSD,ETHUSD,XRPUSD
17/09/2014,457.3340149,,0.00539852
18/09/2014,424.4400024,,0.00513545
19/09/2014,394.79599,,0.00494225
20/09/2014,408.9039917,,0.00477165
21/09/2014,398.8210144,,0.00456989
22/09/2014,402.1520081,,0.00465728
23/09/2014,435.7909851,,0.00461318
24/09/2014,423.2049866,,0.00466761
25/09/2014,411.5740051,,0.00472228
26/09/2014,404.4249878,,0.00461558
27/09/2014,399.519989,,0.00470504
28/09/2014,377.1809998,,0.00528196
29/09/2014,375.4670105,,0.00470454
30/09/2014,386.9440002,,0.00464397
1/10/2014,383.6149902,,0.00475239
2/10/2014,375.071991,,0.00487409
3/10/2014,359.5119934,,0.00502282
4/10/2014,328.8659973,,0.00494149
5/10/2014,320.5100098,,0.00478866
6/10/2014,330.07901,,0.00472994
7/10/2014,336.1870117,,0.00476536
8/10/2014,352.9400024,,0.00478661
9/10/2014,365.026001,,0.0048238
10/10/2014,361.5620117,,0.00487145
11/10/2014,362.2990112,,0.00475305
12/10/2014,378.5490112,,0.00485764
13/10/2014,390.4140015,,0.00478419
14/10/2014,400.8699951,,0.00487153
15/10/2014,394.7730103,,0.00482708
16/10/2014,382.5559998,,0.00485466
17/10/2014,383.7579956,,0.00490406
18/10/2014,391.4419861,,0.00496506
19/10/2014,389.54599,,0.00494914
20/10/2014,382.8450012,,0.0050735
21/10/2014,386.4750061,,0.00519264
22/10/2014,383.1579895,,0.00518732
23/10/2014,358.4169922,,0.0051418
24/10/2014,358.3450012,,0.00508175
25/10/2014,347.2709961,,0.00471925
26/10/2014,354.70401,,0.00454788
27/10/2014,352.9890137,,0.0048914
28/10/2014,357.6180115,,0.00484465
29/10/2014,335.5910034,,0.00477601
30/10/2014,345.3049927,,0.00488997
31/10/2014,338.3210144,,0.00486669
1/11/2014,325.7489929,,0.00467086
2/11/2014,325.8919983,,0.00466442
3/11/2014,327.5539856,,0.0048102
4/11/2014,330.4920044,,0.00480483
5/11/2014,339.4859924,,0.00486105
6/11/2014,349.2900085,,0.00487745
7/11/2014,342.4150085,,0.00487711
8/11/2014,345.4880066,,0.00490699
9/11/2014,363.2640076,,0.00492611
10/11/2014,366.9240112,,0.00490147
11/11/2014,367.6950073,,0.0048986
12/11/2014,423.5610046,,0.0050974
13/11/2014,420.7349854,,0.00503508
14/11/2014,397.8179932,,0.00519666
15/11/2014,376.1329956,,0.00505247
16/11/2014,387.8819885,,0.00518113
17/11/2014,387.4079895,,0.0053397
18/11/2014,375.197998,,0.00543151
19/11/2014,380.5549927,,0.00569554
20/11/2014,357.8399963,,0.00605795
21/11/2014,350.8479919,,0.00658929
22/11/2014,352.9200134,,0.00766316
23/11/2014,367.572998,,0.00859941
24/11/2014,376.901001,,0.00856188
25/11/2014,375.3479919,,0.00974036
26/11/2014,368.3699951,,0.0110036
27/11/2014,369.6700134,,0.0142048
28/11/2014,376.446991,,0.0151648
29/11/2014,375.4909973,,0.0139819
30/11/2014,378.0469971,,0.0112114
1/12/2014,379.2449951,,0.0125585
2/12/2014,381.3150024,,0.0131579
3/12/2014,375.0100098,,0.0131302
4/12/2014,369.6040039,,0.0133431
5/12/2014,376.8540039,,0.0137849
6/12/2014,374.7850037,,0.0144061
7/12/2014,375.0950012,,0.0147942
8/12/2014,361.9089966,,0.0134206
9/12/2014,352.2189941,,0.0150682
10/12/2014,346.3649902,,0.0159075
11/12/2014,350.506012,,0.0163741
12/12/2014,352.5419922,,0.0163741
13/12/2014,347.3760071,,0.016992301
14/12/2014,351.6319885,,0.0171268
15/12/2014,345.3450012,,0.0182415
16/12/2014,327.0620117,,0.0215386
17/12/2014,319.776001,,0.0260647
18/12/2014,311.3959961,,0.027939901
19/12/2014,317.8429871,,0.0233381
20/12/2014,329.9559937,,0.0242071
21/12/2014,320.8429871,,0.024920501
22/12/2014,331.8859863,,0.025562
23/12/2014,334.571991,,0.023877701
24/12/2014,322.5339966,,0.023382399
25/12/2014,319.0079956,,0.0241383
26/12/2014,327.9240112,,0.025308
27/12/2014,315.8630066,,0.0240738
28/12/2014,317.2390137,,0.0237638
29/12/2014,312.6700134,,0.0242313
30/12/2014,310.7369995,,0.0242004
31/12/2014,320.1929932,,0.024437999
1/01/2015,314.2489929,,0.0243901
2/01/2015,315.0320129,,0.024318499
3/01/2015,281.0820007,,0.022105901
4/01/2015,264.1950073,,0.0189279
5/01/2015,274.473999,,0.020315999
6/01/2015,286.1889954,,0.020732099
7/01/2015,294.3370056,,0.020843299
8/01/2015,283.348999,,0.020676
9/01/2015,290.4079895,,0.020576
10/01/2015,274.79599,,0.019233299
11/01/2015,265.6600037,,0.018765099
12/01/2015,267.79599,,0.0184344
13/01/2015,225.8609924,,0.015648
14/01/2015,178.1029968,,0.0142325
15/01/2015,209.8439941,,0.016444201
16/01/2015,208.0970001,,0.016403001
17/01/2015,199.2599945,,0.0153614
18/01/2015,210.3390045,,0.0156222
19/01/2015,214.8609924,,0.015990701
20/01/2015,211.3150024,,0.016112
21/01/2015,226.8970032,,0.016652999
22/01/2015,233.4060059,,0.017009901
23/01/2015,232.8789978,,0.0167337
24/01/2015,247.8470001,,0.0167358
25/01/2015,253.7180023,,0.0165783
26/01/2015,273.4729919,,0.0160188
27/01/2015,263.4750061,,0.015840501
28/01/2015,233.9149933,,0.0149702
29/01/2015,233.5130005,,0.0147058
30/01/2015,226.4250031,,0.014443
31/01/2015,217.4640045,,0.014298
1/02/2015,226.9720001,,0.0141386
2/02/2015,238.2290039,,0.0136701
3/02/2015,227.2680054,,0.0130252
4/02/2015,226.8529968,,0.0134982
5/02/2015,217.1109924,,0.0144663
6/02/2015,222.2660065,,0.0151853
7/02/2015,227.7539978,,0.0145771
8/02/2015,223.4120026,,0.0144265
9/02/2015,220.1100006,,0.0139944
10/02/2015,219.8390045,,0.0136488
11/02/2015,219.1849976,,0.0137764
12/02/2015,221.7640076,,0.0140395
13/02/2015,235.427002,,0.0145655
14/02/2015,257.3210144,,0.0149557
15/02/2015,234.8249969,,0.0137124
16/02/2015,233.8430023,,0.0137499
17/02/2015,243.6100006,,0.0140307
18/02/2015,236.326004,,0.0137907
19/02/2015,240.2830048,,0.0137579
20/02/2015,243.779007,,0.0134808
21/02/2015,244.5339966,,0.0132858
22/02/2015,235.977005,,0.0131296
23/02/2015,238.8919983,,0.0133343
24/02/2015,238.7350006,,0.0133964
25/02/2015,237.4700012,,0.0134012
26/02/2015,236.4259949,,0.0132989
27/02/2015,253.8280029,,0.0133598
28/02/2015,254.2630005,,0.0129979
1/03/2015,260.2019958,,0.0122386
2/03/2015,275.6700134,,0.0121921
3/03/2015,281.7019958,,0.0105928
4/03/2015,273.0920105,,0.010032
5/03/2015,276.178009,,0.0115435
6/03/2015,272.7229919,,0.0108557
7/03/2015,276.2609863,,0.010535
8/03/2015,274.3540039,,0.00996095
9/03/2015,289.6069946,,0.0106431
10/03/2015,291.7600098,,0.0100864
11/03/2015,296.3789978,,0.0102294
12/03/2015,294.3540039,,0.010359
13/03/2015,285.3370056,,0.0105112
14/03/2015,281.8850098,,0.0110881
15/03/2015,286.3930054,,0.0108172
16/03/2015,290.5929871,,0.0109681
17/03/2015,285.5050049,,0.010929
18/03/2015,256.2990112,,0.0105753
19/03/2015,260.928009,,0.0104804
20/03/2015,261.7489929,,0.0104461
21/03/2015,260.0249939,,0.0101817
22/03/2015,267.9599915,,0.010196
23/03/2015,266.7399902,,0.0103085
24/03/2015,245.5950012,,0.00975656
25/03/2015,246.1970062,,0.00911508
26/03/2015,248.5319977,,0.00876441
27/03/2015,247.029007,,0.00889473
28/03/2015,252.7980042,,0.00885124
29/03/2015,242.7129974,,0.00849837
30/03/2015,247.526001,,0.00845314
31/03/2015,244.223999,,0.00777155
1/04/2015,247.2720032,,0.00766795
2/04/2015,253.0050049,,0.00790557
3/04/2015,254.3220062,,0.00872025
4/04/2015,253.6970062,,0.00884378
5/04/2015,260.5979919,,0.00873875
6/04/2015,255.4920044,,0.00878588
7/04/2015,253.1799927,,0.00907077
8/04/2015,245.0220032,,0.00919803
9/04/2015,243.6759949,,0.00878012
10/04/2015,236.0720062,,0.00851215
11/04/2015,236.552002,,0.00829986
12/04/2015,236.1529999,,0.00860976
13/04/2015,224.5870056,,0.00819443
14/04/2015,219.1589966,,0.0081589
15/04/2015,223.8329926,,0.00794882
16/04/2015,228.572998,,0.00800978
17/04/2015,222.8820038,,0.00802544
18/04/2015,223.3560028,,0.00789994
19/04/2015,222.6000061,,0.00784636
20/04/2015,224.6260071,,0.00793162
21/04/2015,235.2689972,,0.00796757
22/04/2015,234.1759949,,0.00802505
23/04/2015,236.4620056,,0.00801867
24/04/2015,231.2680054,,0.00807693
25/04/2015,226.3899994,,0.00829068
26/04/2015,219.4299927,,0.00774017
27/04/2015,229.2859955,,0.00776538
28/04/2015,225.8549957,,0.00762987
29/04/2015,225.8079987,,0.00786304
30/04/2015,236.1450043,,0.00802912
1/05/2015,232.0789948,,0.00801848
2/05/2015,234.9299927,,0.00803712
3/05/2015,240.3580017,,0.00805545
4/05/2015,239.0180054,,0.00801697
5/05/2015,236.1210022,,0.00790952
6/05/2015,229.7819977,,0.00778238
7/05/2015,237.3339996,,0.00752867
8/05/2015,243.8630066,,0.00749133
9/05/2015,241.8320007,,0.00757382
10/05/2015,240.2960052,,0.00738246
11/05/2015,242.1580048,,0.00736026
12/05/2015,241.1119995,,0.00721325
13/05/2015,236.3769989,,0.00685693
14/05/2015,236.9290009,,0.00660237
15/05/2015,237.6049957,,0.00665521
16/05/2015,236.1529999,,0.00658775
17/05/2015,236.802002,,0.00632913
18/05/2015,233.128006,,0.00574805
19/05/2015,231.9470062,,0.00653941
20/05/2015,234.0180054,,0.0066357
21/05/2015,235.3439941,,0.00657259
22/05/2015,240.3480072,,0.00664944
23/05/2015,238.871994,,0.00679995
24/05/2015,240.9530029,,0.00680917
25/05/2015,237.1100006,,0.00692489
26/05/2015,237.1159973,,0.00679358
27/05/2015,237.2830048,,0.00693675
28/05/2015,237.4080048,,0.00785713
29/05/2015,237.095993,,0.00905644
30/05/2015,233.3450012,,0.00840912
31/05/2015,230.1900024,,0.0082901
1/06/2015,222.9259949,,0.00757852
2/06/2015,225.8029938,,0.00798059
3/06/2015,225.8739929,,0.00801199
4/06/2015,224.3240051,,0.00787936
5/06/2015,224.9519958,,0.00795649
6/06/2015,225.6190033,,0.00790513
7/06/2015,222.8809967,,0.00787403
8/06/2015,228.4889984,,0.0079995
9/06/2015,229.0480042,,0.00799489
10/06/2015,228.8029938,,0.00799855
11/06/2015,229.7050018,,0.00804221
12/06/2015,229.9819946,,0.00805721
13/06/2015,232.4019928,,0.00809285
14/06/2015,233.5429993,,0.00814671
15/06/2015,236.822998,,0.00857882
16/06/2015,250.8950043,,0.00942366
17/06/2015,249.2839966,,0.00967843
18/06/2015,249.0070038,,0.0102521
19/06/2015,244.6060028,,0.0112069
20/06/2015,245.2120056,,0.0110393
21/06/2015,243.9440002,,0.010314
22/06/2015,246.9900055,,0.0105669
23/06/2015,244.2960052,,0.0106671
24/06/2015,240.5149994,,0.0109142
25/06/2015,242.798996,,0.0110479
26/06/2015,243.5939941,,0.0112876
27/06/2015,250.9900055,,0.0114447
28/06/2015,249.0110016,,0.0114671
29/06/2015,257.0639954,,0.0119766
30/06/2015,263.071991,,0.0113195
1/07/2015,258.6210022,,0.0111984
2/07/2015,255.4120026,,0.0110368
3/07/2015,256.3359985,,0.0110992
4/07/2015,260.8859863,,0.010782
5/07/2015,271.9129944,,0.0100215
6/07/2015,269.0299988,,0.00987258
7/07/2015,266.2070007,,0.00958015
8/07/2015,270.7850037,,0.00944903
9/07/2015,269.2279968,,0.00898701
10/07/2015,284.8940125,,0.00884711
11/07/2015,293.1149902,,0.00861511
12/07/2015,310.8670044,,0.00861367
13/07/2015,292.0539856,,0.00856894
14/07/2015,287.4639893,,0.00863059
15/07/2015,285.82901,,0.00851569
16/07/2015,278.0889893,,0.0080619
17/07/2015,279.4719849,,0.00802556
18/07/2015,274.901001,,0.00805963
19/07/2015,273.6140137,,0.00809126
20/07/2015,278.9809875,,0.00794842
21/07/2015,275.8330078,,0.00771126
22/07/2015,277.2219849,,0.00757859
23/07/2015,276.0490112,,0.00748672
24/07/2015,288.2780151,,0.00765631
25/07/2015,288.696991,,0.00788838
26/07/2015,292.6860046,,0.00811529
27/07/2015,293.6239929,,0.00856235
28/07/2015,294.427002,,0.00844863
29/07/2015,289.5899963,,0.00851873
30/07/2015,287.7219849,,0.00849065
31/07/2015,284.6499939,,0.00843686
1/08/2015,281.6010132,,0.00822199
2/08/2015,282.6140137,,0.00822998
3/08/2015,281.2269897,,0.00828083
4/08/2015,285.2179871,,0.00827137
5/08/2015,281.8819885,,0.00822449
6/08/2015,278.5769958,,0.00802447
7/08/2015,279.5849915,2.772119999,0.00815244
8/08/2015,260.9970093,0.753324986,0.00847606
9/08/2015,265.0830078,0.701897025,0.00880794
10/08/2015,264.4700012,0.708447993,0.00875015
11/08/2015,270.3859863,1.067860007,0.00859063
12/08/2015,266.3760071,1.217440009,0.0082711
13/08/2015,264.0799866,1.827669978,0.00814718
14/08/2015,265.6799927,1.827870011,0.00833676
15/08/2015,261.5509949,1.688899994,0.00842036
16/08/2015,258.5069885,1.566030025,0.00831485
17/08/2015,257.9760132,1.203609943,0.00830144
18/08/2015,211.0789948,1.087049961,0.00755184
19/08/2015,226.6840057,1.258859992,0.00775847
20/08/2015,235.3500061,1.464920044,0.00787194
21/08/2015,232.5690002,1.395290017,0.00788082
22/08/2015,230.3899994,1.379230022,0.00772195
23/08/2015,228.1690063,1.352589965,0.00755212
24/08/2015,210.4949951,1.231269956,0.00739715
25/08/2015,221.6089935,1.140190005,0.00712615
26/08/2015,225.8309937,1.159980059,0.00749195
27/08/2015,224.7689972,1.147699952,0.00755142
28/08/2015,231.3959961,1.191380024,0.00743276
29/08/2015,229.7799988,1.182549953,0.00775073
30/08/2015,228.7610016,1.319270015,0.00805045
31/08/2015,230.0559998,1.358240008,0.00788365
1/09/2015,228.1210022,1.351609945,0.00781497
2/09/2015,229.2839966,1.29479003,0.00770012
3/09/2015,227.1829987,1.26493001,0.00743069
4/09/2015,230.2980042,1.274410009,0.00735501
5/09/2015,235.0189972,1.338809967,0.00786027
6/09/2015,239.8399963,1.295830011,0.0078907
7/09/2015,239.8470001,1.246649981,0.00791775
8/09/2015,243.6069946,1.242429972,0.00783145
9/09/2015,238.1679993,1.206509948,0.00767789
10/09/2015,238.477005,1.165770054,0.00766268
11/09/2015,240.1069946,0.982977986,0.00844425
12/09/2015,235.2290039,1.038740039,0.00819714
13/09/2015,230.5119934,0.936003029,0.00853182
14/09/2015,230.6439972,0.875621974,0.00740404
15/09/2015,230.3040009,0.944410026,0.00771955
16/09/2015,229.0910034,0.907175004,0.00742566
17/09/2015,229.8099976,0.874230981,0.00737193
18/09/2015,232.9750061,0.853685021,0.007529
19/09/2015,231.4929962,0.882390976,0.00748187
20/09/2015,231.2120056,0.938444972,0.00763701
21/09/2015,227.0850067,0.919046998,0.00724669
22/09/2015,230.6179962,0.901795983,0.00716754
23/09/2015,230.2830048,0.893405974,0.00666824
24/09/2015,234.529007,0.813610017,0.0067097
25/09/2015,235.1439972,0.736222982,0.0066503
26/09/2015,234.3399963,0.785964012,0.0065013
27/09/2015,232.7570038,0.720839024,0.00653617
28/09/2015,239.1419983,0.582885981,0.0062935
29/09/2015,236.6869965,0.661145985,0.00557935
30/09/2015,236.0599976,0.738644004,0.00552017
1/10/2015,237.548996,0.690214992,0.00544827
2/10/2015,237.2929993,0.678574026,0.00586803
3/10/2015,238.7299957,0.687170982,0.00551664
4/10/2015,238.2590027,0.668379009,0.00523623
5/10/2015,240.3829956,0.628642976,0.00500757
6/10/2015,246.0630035,0.650645018,0.00532817
7/10/2015,242.9689941,0.609387994,0.00537507
8/10/2015,242.3040009,0.621716022,0.00503091
9/10/2015,243.9309998,0.650627971,0.00498277
10/10/2015,244.9409943,0.627857029,0.00503727
11/10/2015,247.0500031,0.634962976,0.0051822
12/10/2015,245.3079987,0.626030028,0.00526018
13/10/2015,249.5079956,0.607654989,0.0053765
14/10/2015,251.9889984,0.522967994,0.00541833
15/10/2015,254.3200073,0.561878026,0.00539918
16/10/2015,262.868988,0.53649497,0.00539754
17/10/2015,270.6400146,0.54717797,0.0052032
18/10/2015,261.6430054,0.517733991,0.00497885
19/10/2015,263.4370117,0.489014,0.0050432
20/10/2015,269.4630127,0.434828997,0.00473107
21/10/2015,266.2720032,0.447329015,0.00469726
22/10/2015,274.0230103,0.567701995,0.00472339
23/10/2015,276.4960022,0.539656997,0.00467681
24/10/2015,281.6539917,0.56358999,0.00466202
25/10/2015,283.6799927,0.616038978,0.00455599
26/10/2015,285.2999878,0.731316984,0.00467483
27/10/2015,293.7879944,0.869641006,0.00464932
28/10/2015,304.6180115,1.00248003,0.00467519
29/10/2015,313.855011,1.206660032,0.00463415
30/10/2015,328.0150146,1.04121995,0.00483902
31/10/2015,314.1659851,0.91662699,0.00468657
1/11/2015,325.4309998,1.055670023,0.00490139
2/11/2015,361.1889954,0.989789009,0.00515612
3/11/2015,403.4169922,1.013360023,0.00538301
4/11/2015,411.5629883,0.899049997,0.00494738
5/11/2015,386.3540039,0.895636976,0.00450572
6/11/2015,374.4700012,0.926032007,0.00456223
7/11/2015,386.4819946,0.927973986,0.00469432
8/11/2015,373.3680115,1.027469993,0.00464663
9/11/2015,380.2569885,0.999278009,0.00460921
10/11/2015,336.8190002,0.934347987,0.00440588
11/11/2015,311.0840149,0.79182899,0.00426376
12/11/2015,338.1520081,0.895711005,0.0045405
13/11/2015,336.7529907,0.904096007,0.00447739
14/11/2015,332.9060059,0.888812006,0.00432753
15/11/2015,320.1659851,0.906368017,0.00416452
16/11/2015,330.7510071,0.928961992,0.00423441
17/11/2015,335.0939941,1.007979989,0.00425038
18/11/2015,334.5899963,0.993318975,0.0042582
19/11/2015,326.1489868,0.955532014,0.00422245
20/11/2015,322.0220032,0.924920022,0.00422705
21/11/2015,326.927002,0.976140022,0.00424521
22/11/2015,324.5360107,0.968017995,0.00426729
23/11/2015,323.04599,0.946968973,0.00428823
24/11/2015,320.04599,0.900191009,0.00424179
25/11/2015,328.2059937,0.863537014,0.00431773
26/11/2015,352.6839905,0.88418299,0.00429121
27/11/2015,358.0419922,0.867950976,0.0042761
28/11/2015,357.381012,0.915702999,0.0042382
29/11/2015,371.2940063,0.878614008,0.00429917
30/11/2015,377.3210144,0.873118997,0.0042011
1/12/2015,362.4880066,0.874800026,0.00409007
2/12/2015,359.1870117,0.821210027,0.00417294
3/12/2015,361.04599,0.812143028,0.00426221
4/12/2015,363.1830139,0.840040982,0.00475444
5/12/2015,388.9490051,0.862438023,0.00530137
6/12/2015,388.7829895,0.835500002,0.00534379
7/12/2015,395.5360107,0.811263978,0.00555994
8/12/2015,415.5629883,0.822117984,0.00677516
9/12/2015,417.5629883,0.792167008,0.00852303
10/12/2015,415.4790039,0.840395987,0.00844415
11/12/2015,451.9379883,0.929762006,0.00844066
12/12/2015,434.9970093,0.976972997,0.0085359
13/12/2015,433.7550049,0.952884018,0.00877901
14/12/2015,444.1820068,0.993022025,0.00761423
15/12/2015,465.3210144,1.014150023,0.00668428
16/12/2015,454.9339905,0.991182029,0.0067552
17/12/2015,456.0780029,0.940701008,0.00669431
18/12/2015,463.6159973,0.920126975,0.00638653
19/12/2015,462.321991,0.908071995,0.00629142
20/12/2015,442.6849976,0.903885007,0.00623524
21/12/2015,438.6390076,0.900771022,0.00626874
22/12/2015,436.571991,0.864202023,0.00619285
23/12/2015,442.401001,0.85807699,0.00602148
24/12/2015,454.9849854,0.863261998,0.00597068
25/12/2015,455.6530151,0.870362997,0.00648652
26/12/2015,417.2739868,0.854602993,0.00617385
27/12/2015,422.822998,0.856365025,0.00634319
28/12/2015,422.2789917,0.845004976,0.00634021
29/12/2015,432.9830017,0.873054028,0.00626433
30/12/2015,426.6199951,0.911957979,0.00618175
31/12/2015,430.5669861,0.933542013,0.00604039
1/01/2016,434.3340149,0.948023975,0.00595503
2/01/2016,433.4379883,0.937124014,0.00606472
3/01/2016,430.0109863,0.971904993,0.00601714
4/01/2016,433.0910034,0.954479992,0.00595775
5/01/2016,431.9599915,0.950176001,0.00604433
6/01/2016,429.105011,0.950860023,0.00600329
7/01/2016,458.0480042,0.942004979,0.00603918
8/01/2016,453.230011,0.986788988,0.00593331
9/01/2016,447.6109924,0.986832976,0.00598202
10/01/2016,447.9909973,0.999230981,0.00595606
11/01/2016,448.428009,1.06159997,0.00589466
12/01/2016,435.6900024,1.141000032,0.00585438
13/01/2016,432.3710022,1.125200033,0.00579364
14/01/2016,430.3059998,1.189589977,0.00552936
15/01/2016,364.3309937,1.208009958,0.00522933
16/01/2016,387.5360107,1.220289946,0.00511205
17/01/2016,382.2990112,1.327469945,0.0052658
18/01/2016,387.1679993,1.426339984,0.00532603
19/01/2016,380.1489868,1.371389985,0.00527071
20/01/2016,420.230011,1.531820059,0.00538087
21/01/2016,410.2619934,1.553570032,0.00531257
22/01/2016,382.4920044,1.501270056,0.00511437
23/01/2016,387.4909973,1.972669959,0.00512009
24/01/2016,402.9710083,2.141200066,0.00521938
25/01/2016,391.7260132,2.499269962,0.00513465
26/01/2016,392.1530151,2.276370049,0.005419
27/01/2016,394.9719849,2.388550043,0.00650588
28/01/2016,380.2890015,2.526489973,0.00622596
29/01/2016,379.473999,2.49496007,0.00683954
30/01/2016,378.2550049,2.445060015,0.00663408
31/01/2016,368.7669983,2.306040049,0.00639919
1/02/2016,373.0559998,2.211689949,0.00654171
2/02/2016,374.447998,2.439640045,0.00676827
3/02/2016,369.9490051,2.5286901,0.00688256
4/02/2016,389.5939941,2.578039885,0.00697046
5/02/2016,386.5490112,2.538990021,0.00726208
6/02/2016,376.5220032,2.534460068,0.00792221
7/02/2016,376.6199951,2.964339972,0.00833814
8/02/2016,373.446991,3.17979002,0.00799082
9/02/2016,376.0289917,4.044640064,0.00781542
10/02/2016,381.6489868,4.436260223,0.00785346
11/02/2016,379.6539917,6.013100147,0.00781518
12/02/2016,384.2630005,5.546979904,0.00797939
13/02/2016,391.8599854,5.385320187,0.00825746
14/02/2016,407.230011,5.239729881,0.00859006
15/02/2016,400.1849976,5.288350105,0.00863064
16/02/2016,407.4880066,4.315289974,0.00845089
17/02/2016,416.321991,3.757240057,0.00813791
18/02/2016,422.3729858,4.399129868,0.0079953
19/02/2016,420.7850037,4.737889767,0.00824475
20/02/2016,437.1640015,4.341330051,0.0082526
21/02/2016,438.7980042,4.653619766,0.00810032
22/02/2016,437.7479858,5.616499901,0.00805031
23/02/2016,420.7359924,5.586209774,0.00796969
24/02/2016,424.9549866,6.236470222,0.00807609
25/02/2016,424.5440063,6.104800224,0.00802735
26/02/2016,432.1520081,5.92166996,0.00805793
27/02/2016,432.5190125,6.425859928,0.00797223
28/02/2016,433.5039978,6.468349934,0.0078889
29/02/2016,437.696991,6.33698988,0.00792256
1/03/2016,435.1229858,7.653689861,0.00800566
2/03/2016,423.9890137,8.465390205,0.00803018
3/03/2016,421.651001,9.294150352,0.00816162
4/03/2016,410.9389954,10.40600014,0.00809603
5/03/2016,400.5700073,11.00370026,0.00787792
6/03/2016,407.7070007,11.38290024,0.00785955
7/03/2016,414.3210144,9.552630424,0.00791761
8/03/2016,413.9719849,9.84720993,0.00794937
9/03/2016,414.8599854,11.89799976,0.00805628
10/03/2016,417.131012,11.30500031,0.00819045
11/03/2016,421.6900024,11.08279991,0.00880278
12/03/2016,411.6239929,13.5333004,0.00870026
13/03/2016,414.0650024,14.47500038,0.00863524
14/03/2016,416.4379883,12.45259953,0.00847896
15/03/2016,416.8299866,13.01000023,0.00818572
16/03/2016,417.0109863,12.52089977,0.00817845
17/03/2016,420.6210022,11.08150005,0.00828658
18/03/2016,409.5480042,10.99810028,0.00811926
19/03/2016,410.4440002,10.53069973,0.00801563
20/03/2016,413.7550049,10.31980038,0.00795973
21/03/2016,413.3070068,11.86410046,0.00804708
22/03/2016,418.0889893,11.2748003,0.00811002
23/03/2016,418.0409851,12.41670036,0.00833152
24/03/2016,416.3940125,11.23499966,0.00823031
25/03/2016,417.177002,10.7432003,0.00819108
26/03/2016,417.9450073,10.97399998,0.0080656
27/03/2016,426.7650146,10.41919994,0.00802863
28/03/2016,424.2309875,11.66559982,0.00756363
29/03/2016,416.5159912,11.65639973,0.00756569
30/03/2016,414.8160095,11.95289993,0.00733186
31/03/2016,416.7290039,11.4034996,0.00739148
1/04/2016,417.9599915,11.66359997,0.00741781
2/04/2016,420.8729858,11.59889984,0.0075013
3/04/2016,420.9039917,11.61830044,0.00750267
4/04/2016,421.4440002,11.1573,0.00749112
5/04/2016,424.0299988,10.43809986,0.00747418
6/04/2016,423.4129944,10.68540001,0.00729618
7/04/2016,422.7449951,10.06970024,0.00687549
8/04/2016,420.348999,9.719590187,0.00667077
9/04/2016,419.4110107,9.150620461,0.00628762
10/04/2016,421.5639954,8.936340332,0.00593697
11/04/2016,422.4830017,8.643790245,0.00604826
12/04/2016,425.1900024,7.442309856,0.00588508
13/04/2016,423.7340088,8.044420242,0.00569468
14/04/2016,424.2820129,8.38724041,0.00628859
15/04/2016,429.7130127,8.242779732,0.00642381
16/04/2016,430.571991,8.609499931,0.00651006
17/04/2016,427.3989868,9.309100151,0.00649921
18/04/2016,428.5910034,9.036000252,0.00698693
19/04/2016,435.5090027,8.71487999,0.00711834
20/04/2016,441.3890076,8.465789795,0.00724408
21/04/2016,449.4249878,8.102169991,0.00743345
22/04/2016,445.7369995,7.821259975,0.00728384
23/04/2016,450.2820129,8.294790268,0.00734644
24/04/2016,458.5549927,8.001350403,0.00725139
25/04/2016,461.4259949,7.554339886,0.00728307
26/04/2016,466.0889893,7.39703989,0.00709523
27/04/2016,444.6870117,7.759970188,0.0067247
28/04/2016,449.0109863,7.172530174,0.00668642
29/04/2016,455.0969849,7.457290173,0.00675929
30/04/2016,448.3179932,8.813980103,0.00681186
1/05/2016,451.875,8.846500397,0.0067913
2/05/2016,444.6690063,10.16320038,0.00671411
3/05/2016,450.3039856,9.31126976,0.00656
4/05/2016,446.7219849,9.413769722,0.00632278
5/05/2016,447.9760132,9.826100349,0.00619273
6/05/2016,459.6029968,9.346639633,0.00639858
7/05/2016,458.5360107,9.370510101,0.00648959
8/05/2016,458.5480042,9.482930183,0.00640384
9/05/2016,460.4830017,9.297730446,0.0063988
10/05/2016,450.894989,9.361519814,0.00627243
11/05/2016,452.7279968,9.996279716,0.0061885
12/05/2016,454.7659912,10.05780029,0.00616706
13/05/2016,455.6700134,10.50660038,0.00610943
14/05/2016,455.67099,10.23970032,0.00607342
15/05/2016,457.5679932,9.962349892,0.00606071
16/05/2016,454.1629944,11.17129993,0.00602193
17/05/2016,453.7829895,12.19880009,0.0060232
18/05/2016,454.618988,13.55860043,0.00602837
19/05/2016,438.7149963,14.76970005,0.00603217
20/05/2016,442.6759949,13.63560009,0.00608378
21/05/2016,443.1879883,14.01500034,0.0059897
22/05/2016,439.322998,14.28610039,0.0059363
23/05/2016,444.1549988,13.46150017,0.00590909
24/05/2016,445.9809875,12.7322998,0.00596184
25/05/2016,449.598999,12.52600002,0.00575596
26/05/2016,453.3840027,12.43039989,0.00566894
27/05/2016,473.4639893,11.29580021,0.00567922
28/05/2016,530.039978,11.89290047,0.00568167
29/05/2016,526.2329712,12.35039997,0.0056625
30/05/2016,533.8640137,12.72529984,0.00574818
31/05/2016,531.3859863,14.07730007,0.00570616
1/06/2016,536.9199829,14.00150013,0.00580939
2/06/2016,537.9719849,13.73799992,0.00576561
3/06/2016,569.1939697,13.84669971,0.00582659
4/06/2016,572.7269897,13.74040031,0.00578018
5/06/2016,574.9769897,13.97500038,0.00579584
6/06/2016,585.5369873,13.93410015,0.00576923
7/06/2016,576.5969849,14.51200008,0.00577962
8/06/2016,581.6450195,14.41769981,0.00577044
9/06/2016,574.6300049,14.39859962,0.00578756
10/06/2016,577.4699707,13.90859985,0.00573611
11/06/2016,606.7269897,14.19159985,0.00576593
12/06/2016,672.7839966,15.74370003,0.00585202
13/06/2016,704.3759766,17.60269928,0.00582391
14/06/2016,685.559021,18.89319992,0.00710519
15/06/2016,694.4689941,18.35429955,0.0068867
16/06/2016,766.3079834,20.58860016,0.00667619
17/06/2016,748.9089966,15.37679958,0.00669322
18/06/2016,756.2269897,11.33069992,0.00660402
19/06/2016,763.7810059,12.23419952,0.00681252
20/06/2016,737.2260132,11.83950043,0.00662603
21/06/2016,666.6519775,13.30669975,0.00617174
22/06/2016,596.1160278,13.0951004,0.00649479
23/06/2016,623.9769897,13.67619991,0.00638054
24/06/2016,665.2990112,14.33209991,0.00643372
25/06/2016,665.1229858,14.28299999,0.00641359
26/06/2016,629.3670044,13.8501997,0.00639995
27/06/2016,655.2750244,13.88389969,0.00639849
28/06/2016,647.0009766,12.17560005,0.00677267
29/06/2016,639.8900146,12.61120033,0.00677719
30/06/2016,673.3369751,12.46150017,0.00665713
1/07/2016,676.2960205,12.19950008,0.00678673
2/07/2016,703.7020264,12.12839985,0.00669925
3/07/2016,658.6640015,11.72019958,0.00660746
4/07/2016,683.6619873,11.47099972,0.00702769
5/07/2016,670.6270142,10.61139965,0.00669886
6/07/2016,677.3309937,10.52890015,0.00669065
7/07/2016,640.5620117,10.1093998,0.0065984
8/07/2016,666.5230103,11.39459991,0.00671544
9/07/2016,650.960022,10.96549988,0.00667908
10/07/2016,649.3599854,10.94760036,0.00667412
11/07/2016,647.6589966,10.45899963,0.0065339
12/07/2016,664.5510254,10.51609993,0.00634967
13/07/2016,654.4680176,10.50049973,0.00641063
14/07/2016,658.0780029,11.51319981,0.00638492
15/07/2016,663.2550049,11.95160007,0.00644201
16/07/2016,660.7670288,11.65279961,0.00657194
17/07/2016,679.4589844,11.15869999,0.00653799
18/07/2016,673.1060181,11.03439999,0.00648188
19/07/2016,672.8640137,11.61909962,0.00640525
20/07/2016,665.6849976,12.45059967,0.00639476
21/07/2016,665.0120239,12.65069962,0.00641633
22/07/2016,650.6190186,14.66189957,0.00630293
23/07/2016,655.5560303,14.29969978,0.00631672
24/07/2016,661.2849731,12.74950027,0.00628551
25/07/2016,654.0969849,13.83609962,0.0062463
26/07/2016,651.7839966,11.98950005,0.00599762
27/07/2016,654.3519897,12.97280025,0.00596901
28/07/2016,655.0349731,12.84360027,0.00597362
29/07/2016,656.9920044,12.79459953,0.00611078
30/07/2016,655.0469971,12.46100044,0.00612061
31/07/2016,624.6810303,11.87590027,0.00594491
1/08/2016,606.2719727,10.94159985,0.00590626
2/08/2016,547.4650269,8.787280083,0.00568961
3/08/2016,566.3549805,10.29389954,0.00564585
4/08/2016,578.2890015,11.04279995,0.0058156
5/08/2016,575.0430298,10.92539978,0.00644721
6/08/2016,587.7780151,10.8810997,0.0063366
7/08/2016,592.6900024,10.91160011,0.00617777
8/08/2016,591.0540161,11.24540043,0.00602678
9/08/2016,587.8010254,12.24429989,0.00616306
10/08/2016,592.1030273,12.14319992,0.00619434
11/08/2016,589.1199951,11.69089985,0.00618942
12/08/2016,587.559021,11.7784996,0.00612276
13/08/2016,585.5880127,11.57129955,0.00609237
14/08/2016,570.4730225,11.19480038,0.0059941
15/08/2016,567.2399902,11.2184,0.00604495
16/08/2016,577.4390259,11.13969994,0.00614018
17/08/2016,573.2160034,10.75279999,0.00610892
18/08/2016,574.3179932,10.7560997,0.0061217
19/08/2016,575.6300049,10.74870014,0.00611939
20/08/2016,581.6970215,11.24740028,0.00611396
21/08/2016,581.3079834,11.17920017,0.0060517
22/08/2016,586.7529907,11.12090015,0.00600015
23/08/2016,583.414978,11.03059959,0.00601941
24/08/2016,580.1820068,11.03600025,0.00605151
25/08/2016,577.7609863,11.35739994,0.00607912
26/08/2016,579.651001,11.29539967,0.00603018
27/08/2016,569.9470215,11.14820004,0.00597472
28/08/2016,573.9119873,10.92930031,0.00596282
29/08/2016,574.1069946,10.98379993,0.00613105
30/08/2016,577.5029907,11.22889996,0.00602617
31/08/2016,575.4719849,11.67240047,0.00601237
1/09/2016,572.3029785,11.99489975,0.00598373
2/09/2016,575.5369873,12.11299992,0.00596991
3/09/2016,598.2119751,11.75870037,0.00596429
4/09/2016,608.6339722,11.67990017,0.00595379
5/09/2016,606.5900269,11.71700001,0.00593207
6/09/2016,610.4359741,11.68910027,0.00591174
7/09/2016,614.5440063,11.5479002,0.00589238
8/09/2016,626.315979,11.34589958,0.0059016
9/09/2016,622.8610229,11.65279961,0.00586911
10/09/2016,623.5089722,12.16849995,0.00586988
11/09/2016,606.7189941,11.63840008,0.00584216
12/09/2016,608.242981,11.89369965,0.0058973
13/09/2016,609.2410278,11.91870022,0.00588601
14/09/2016,610.684021,11.92319965,0.00596128
15/09/2016,607.1550293,11.93700027,0.00830309
16/09/2016,606.9730225,12.55580044,0.00744597
17/09/2016,605.9840088,12.69859982,0.00701827
18/09/2016,609.8740234,12.43120003,0.00685256
19/09/2016,609.2269897,13.18900013,0.00685828
20/09/2016,608.3120117,14.43029976,0.00678526
21/09/2016,597.1489868,13.76850033,0.00682883
22/09/2016,596.2979736,13.2475996,0.0068427
23/09/2016,602.84198,13.33129978,0.00721064
24/09/2016,602.625,12.87790012,0.00736211
25/09/2016,600.8259888,13.1008997,0.00785457
26/09/2016,608.0430298,12.82310009,0.00796323
27/09/2016,606.1660156,13.09829998,0.00822923
28/09/2016,604.7280273,13.2748003,0.00904786
29/09/2016,605.6929932,13.07339954,0.008914
30/09/2016,609.7349854,13.22480011,0.00883032
1/10/2016,613.9829712,13.17269993,0.00820475
2/10/2016,610.8920288,13.19970036,0.00816502
3/10/2016,612.1329956,13.45240021,0.00808921
4/10/2016,610.2039795,13.27700043,0.0078528
5/10/2016,612.5109863,13.03569984,0.00743457
6/10/2016,613.0209961,12.85429955,0.0073823
7/10/2016,617.1209717,12.66709995,0.00737651
8/10/2016,619.1079712,12.2191,0.00731046
9/10/2016,616.7520142,12.05370045,0.00754302
10/10/2016,618.9940186,11.75549984,0.00797834
11/10/2016,641.0720215,11.78569984,0.00823435
12/10/2016,636.1920166,11.93350029,0.0079488
13/10/2016,636.7860107,11.9630003,0.00798152
14/10/2016,640.3779907,11.9382,0.00876702
15/10/2016,638.6459961,11.98340034,0.00814566
16/10/2016,641.6309814,11.95160007,0.00807791
17/10/2016,639.1929932,12.00500011,0.00803042
18/10/2016,637.960022,12.58850002,0.00835003
19/10/2016,630.5200195,12.02260017,0.00862711
20/10/2016,630.8569946,12.09899998,0.00909187
21/10/2016,632.8280029,12.17539978,0.00902918
22/10/2016,657.2940063,12.07149982,0.00897243
23/10/2016,657.0709839,12.03600025,0.00945391
24/10/2016,653.7609863,11.96899986,0.00906492
25/10/2016,657.5880127,11.41399956,0.0088908
26/10/2016,678.3040161,11.53199959,0.00883466
27/10/2016,688.3129883,11.49969959,0.00848057
28/10/2016,689.651001,11.08510017,0.00814314
29/10/2016,714.4790039,10.44460011,0.00773232
30/10/2016,701.8640137,11.18280029,0.00801431
31/10/2016,700.9719849,10.99820042,0.00819595
1/11/2016,729.7930298,10.76609993,0.00810233
2/11/2016,740.8289795,10.75259972,0.00822232
3/11/2016,688.7000122,10.80099964,0.0080211
4/11/2016,703.2349854,11.09070015,0.0081568
5/11/2016,703.4180298,11.00249958,0.0082305
6/11/2016,711.5219727,10.87349987,0.0081934
7/11/2016,703.1309814,10.80879974,0.00810845
8/11/2016,709.8480225,10.83370018,0.00820628
9/11/2016,723.2730103,10.65550041,0.0080788
10/11/2016,715.5339966,10.52449989,0.00813597
11/11/2016,716.4110107,10.28989983,0.00806511
12/11/2016,705.0540161,9.877960205,0.00804398
13/11/2016,702.0310059,10.10149956,0.00825744
14/11/2016,705.0209961,9.966480255,0.00809752
15/11/2016,711.6190186,10.21749973,0.00788052
16/11/2016,744.197998,10.05910015,0.00784161
17/11/2016,740.9769897,9.99118042,0.00772664
18/11/2016,751.585022,9.476160049,0.00777787
19/11/2016,751.6160278,9.662759781,0.0077992
20/11/2016,731.026001,9.5792799,0.00765113
21/11/2016,739.2479858,9.620820045,0.0075663
22/11/2016,751.3469849,9.905719757,0.0074339
23/11/2016,744.5939941,9.8436203,0.00706124
24/11/2016,740.2890015,9.23167038,0.00694953
25/11/2016,741.6489868,9.402050018,0.00690204
26/11/2016,735.382019,9.328109741,0.00738981
27/11/2016,732.0349731,8.998470306,0.00707362
28/11/2016,735.8129883,8.724820137,0.00700797
29/11/2016,735.6040039,8.174119949,0.00678022
30/11/2016,745.690979,8.587539673,0.00672261
1/12/2016,756.7739868,8.452500343,0.00670215
2/12/2016,777.9439697,7.759960175,0.00666045
3/12/2016,771.1550293,7.921339989,0.00658835
4/12/2016,773.8720093,7.44367981,0.00652688
5/12/2016,758.7000122,6.821660042,0.00643353
6/12/2016,764.223999,7.868929863,0.00665533
7/12/2016,768.132019,8.381480217,0.00685103
8/12/2016,770.8099976,8.230509758,0.00709728
9/12/2016,772.7940063,8.446009636,0.00713467
10/12/2016,774.6500244,8.125160217,0.00681579
11/12/2016,769.7310181,8.193619728,0.00674379
12/12/2016,780.0869751,8.522210121,0.00677783
13/12/2016,780.5560303,8.422849655,0.00670823
14/12/2016,781.4810181,8.265230179,0.0067046
15/12/2016,778.0880127,7.82847023,0.00666207
16/12/2016,784.9069824,7.858210087,0.00671017
17/12/2016,790.8289795,7.876589775,0.00654057
18/12/2016,790.5300293,7.865320206,0.00657417
19/12/2016,792.7139893,7.643819809,0.00654461
20/12/2016,800.8759766,7.660039902,0.00649956
21/12/2016,834.2810059,7.914400101,0.00644521
22/12/2016,864.539978,7.585000038,0.0063632
23/12/2016,921.9840088,7.166150093,0.00628595
24/12/2016,898.8220215,7.265769958,0.00634947
25/12/2016,896.1829834,7.175079823,0.00644398
26/12/2016,907.6099854,7.274089813,0.00632573
27/12/2016,933.197998,7.170820236,0.00619919
28/12/2016,975.9210205,7.52011013,0.00617283
29/12/2016,973.4970093,8.28415966,0.00634061
30/12/2016,961.2379761,8.15997982,0.00642641
31/12/2016,963.742981,7.969099998,0.00644888
1/01/2017,998.3250122,8.172570229,0.00636835
2/01/2017,1021.75,8.378510475,0.00631067
3/01/2017,1043.839966,9.725250244,0.0063859
4/01/2017,1154.72998,11.25160027,0.00656996
5/01/2017,1013.380005,10.25440025,0.006201
6/01/2017,902.2009888,10.25469971,0.00631464
7/01/2017,908.585022,9.867190361,0.00636617
8/01/2017,911.1989746,10.28979969,0.00623309
9/01/2017,902.8280029,10.32559967,0.00616652
10/01/2017,907.6790161,10.54959965,0.00669832
11/01/2017,777.757019,9.717760086,0.00641105
12/01/2017,804.8339844,9.861330032,0.00642293
13/01/2017,823.9840088,9.769499779,0.00659646
14/01/2017,818.4119873,9.646659851,0.00686349
15/01/2017,821.7979736,9.904259682,0.00672612
16/01/2017,831.5339966,9.636500359,0.00678801
17/01/2017,907.9379883,10.30230045,0.00680049
18/01/2017,886.617981,10.22780037,0.00670942
19/01/2017,899.072998,10.39719963,0.00703364
20/01/2017,895.026001,10.60060024,0.00667528
21/01/2017,921.7890015,10.90919971,0.00670552
22/01/2017,924.6729736,10.70320034,0.00671301
23/01/2017,921.0120239,10.82079983,0.00669729
24/01/2017,892.6870117,10.63249969,0.00653998
25/01/2017,901.5419922,10.57050037,0.00651289
26/01/2017,917.5859985,10.58909988,0.00668965
27/01/2017,919.75,10.53730011,0.00641529
28/01/2017,921.5900269,10.56499958,0.00634167
29/01/2017,919.4959717,10.48400021,0.00640184
30/01/2017,920.382019,10.57120037,0.00638051
31/01/2017,970.4030151,10.72749996,0.00631431
1/02/2017,989.0230103,10.73209953,0.00653953
2/02/2017,1011.799988,10.82139969,0.00646913
3/02/2017,1029.910034,11.11450005,0.00647392
4/02/2017,1042.900024,11.43350029,0.00649214
5/02/2017,1027.339966,11.35299969,0.00644226
6/02/2017,1038.150024,11.38939953,0.00644954
7/02/2017,1061.349976,11.5152998,0.00640668
8/02/2017,1063.069946,11.43120003,0.00643797
9/02/2017,994.3829956,11.03219986,0.0063739
10/02/2017,988.6740112,11.27890015,0.00628911
11/02/2017,1004.450012,11.3494997,0.00633273
12/02/2017,999.1810303,11.39920044,0.00626877
13/02/2017,990.6420288,11.26949978,0.00625142
14/02/2017,1004.549988,13.02519989,0.00627846
15/02/2017,1007.47998,12.91969967,0.00614739
16/02/2017,1027.439941,12.90369987,0.0060273
17/02/2017,1046.209961,12.67650032,0.00593549
18/02/2017,1054.420044,12.81019974,0.00556882
19/02/2017,1047.869995,12.7585001,0.00587791
20/02/2017,1079.97998,12.43010044,0.00587327
21/02/2017,1115.300049,12.66839981,0.00583183
22/02/2017,1117.439941,12.59969997,0.00585956
23/02/2017,1166.719971,13.11940002,0.00589478
24/02/2017,1173.680054,13.06919956,0.0057006
25/02/2017,1143.839966,13.54870033,0.0056653
26/02/2017,1165.199951,14.52000046,0.00567116
27/02/2017,1179.969971,15.39649963,0.00560862
28/02/2017,1179.969971,15.81719971,0.00553564
1/03/2017,1222.5,17.34970093,0.00540783
2/03/2017,1251.01001,19.03019905,0.00599086
3/03/2017,1274.98999,19.45899963,0.00633945
4/03/2017,1255.150024,18.6189003,0.00629938
5/03/2017,1267.119995,19.3022995,0.0061292
6/03/2017,1272.829956,19.60569954,0.00605695
7/03/2017,1223.540039,18.8885994,0.00653433
8/03/2017,1150,16.65130043,0.00650897
9/03/2017,1188.48999,17.75469971,0.00649812
10/03/2017,1116.719971,19.33230019,0.00622738
11/03/2017,1175.829956,21.47249985,0.0062382
12/03/2017,1221.380005,23.43770027,0.00625492
13/03/2017,1231.920044,28.59289932,0.00638493
14/03/2017,1240,28.65460014,0.00638123
15/03/2017,1249.609985,35.05590057,0.00631403
16/03/2017,1187.810059,46.34579849,0.00639383
17/03/2017,1100.22998,46.82799911,0.00611606
18/03/2017,973.8179932,34.16019821,0.00671023
19/03/2017,1036.73999,44.74010086,0.00691246
20/03/2017,1054.22998,43.39020157,0.00697532
21/03/2017,1120.540039,43.14509964,0.00690917
22/03/2017,1049.140015,42.34209824,0.00730094
23/03/2017,1038.589966,43.67839813,0.010582
24/03/2017,937.5200195,53.10749817,0.0105181
25/03/2017,972.7789917,51.25,0.00911567
26/03/2017,966.7249756,50.52159882,0.00954531
27/03/2017,1045.77002,49.66690063,0.00959722
28/03/2017,1047.150024,50.77489853,0.00951388
29/03/2017,1039.969971,53.12609863,0.0101013
30/03/2017,1026.430054,52.2057991,0.0132755
31/03/2017,1071.790039,50.03730011,0.020889301
1/04/2017,1080.5,50.69950104,0.021891501
2/04/2017,1102.170044,48.74869919,0.061159
3/04/2017,1143.810059,44.35639954,0.033022501
4/04/2017,1133.25,44.64189911,0.037454899
5/04/2017,1124.780029,45.30400085,0.0355445
6/04/2017,1182.680054,43.24209976,0.032664798
7/04/2017,1176.900024,42.16260147,0.036319502
8/04/2017,1175.949951,44.30709839,0.035849299
9/04/2017,1187.869995,43.26699829,0.0340202
10/04/2017,1187.130005,43.43519974,0.033598099
11/04/2017,1205.01001,43.40719986,0.0329515
12/04/2017,1200.369995,46.28730011,0.034336001
13/04/2017,1169.280029,50.2193985,0.034382999
14/04/2017,1167.540039,47.57410049,0.0337791
15/04/2017,1172.52002,49.10150146,0.033955298
16/04/2017,1182.939941,48.71849823,0.033461999
17/04/2017,1193.910034,48.30459976,0.033654898
18/04/2017,1211.670044,50.70750046,0.0331835
19/04/2017,1210.290039,48.30530167,0.030173199
20/04/2017,1229.079956,49.67219925,0.029983699
21/04/2017,1222.050049,48.22439957,0.0327795
22/04/2017,1231.709961,48.5530014,0.0317696
23/04/2017,1207.209961,48.48929977,0.031278402
24/04/2017,1250.150024,50.03150177,0.0313843
25/04/2017,1265.48999,49.89120102,0.032346401
26/04/2017,1281.079956,52.72029877,0.0327968
27/04/2017,1317.72998,62.16770172,0.034816001
28/04/2017,1316.47998,70.15920258,0.044475
29/04/2017,1321.790039,68.37689972,0.052868199
30/04/2017,1347.890015,79.02120209,0.0516074
1/05/2017,1421.599976,76.29699707,0.055114701
2/05/2017,1452.819946,77.26380157,0.053908199
3/05/2017,1490.089966,79.71820068,0.060490001
4/05/2017,1537.670044,96.98139954,0.078914396
5/05/2017,1555.449951,94.39849854,0.093550503
6/05/2017,1578.800049,97.81349945,0.101791002
7/05/2017,1596.709961,94.00730133,0.141763002
8/05/2017,1723.349976,91.42040253,0.198211998
9/05/2017,1755.359985,91.16290283,0.160073996
10/05/2017,1787.130005,89.52490234,0.186066002
11/05/2017,1848.569946,89.87969971,0.183135003
12/05/2017,1724.23999,88.65540314,0.206067994
13/05/2017,1804.910034,90.83540344,0.214877993
14/05/2017,1808.910034,90.78649902,0.220222995
15/05/2017,1738.430054,92.41490173,0.270720005
16/05/2017,1734.449951,89.43800354,0.349860996
17/05/2017,1839.089966,89.86039734,0.394131988
18/05/2017,1888.650024,96.90630341,0.364868999
19/05/2017,1987.709961,129.5269928,0.327800989
20/05/2017,2084.72998,126.5210037,0.351633996
21/05/2017,2041.199951,157.9369965,0.336201012
22/05/2017,2173.399902,174.2610016,0.317954004
23/05/2017,2320.419922,181.9519958,0.323368013
24/05/2017,2443.639893,190.0460052,0.295890003
25/05/2017,2304.97998,174.4459991,0.246065006
26/05/2017,2202.419922,160.4029999,0.271807998
27/05/2017,2038.869995,157.7579956,0.212549001
28/05/2017,2155.800049,170.5110016,0.229553998
29/05/2017,2255.610107,194.9089966,0.232069999
30/05/2017,2175.469971,231.9109955,0.205323994
31/05/2017,2286.409912,230.6690063,0.246590003
1/06/2017,2407.879883,222.2389984,0.333656996
2/06/2017,2488.550049,223.7749939,0.303447992
3/06/2017,2515.350098,224.3760071,0.294580013
4/06/2017,2511.810059,245.3320007,0.299412996
5/06/2017,2686.810059,248.4640045,0.29400301
6/06/2017,2863.199951,264.4660034,0.284548014
7/06/2017,2732.159912,258.0710144,0.27978301
8/06/2017,2805.620117,261.6659851,0.289678007
9/06/2017,2823.810059,281.7369995,0.286018997
10/06/2017,2947.709961,337.6679993,0.260874003
11/06/2017,2958.110107,340.6090088,0.272758991
12/06/2017,2659.629883,401.4899902,0.253964007
13/06/2017,2717.02002,397.5369873,0.266153008
14/06/2017,2506.370117,359.053009,0.278447002
15/06/2017,2464.580078,361.9330139,0.259265989
16/06/2017,2518.560059,370.2269897,0.262068003
17/06/2017,2655.879883,379.4140015,0.268350989
18/06/2017,2548.290039,371.4580078,0.28459999
19/06/2017,2589.600098,370.0559998,0.296068013
20/06/2017,2721.790039,359.0050049,0.324427009
21/06/2017,2689.100098,336.8720093,0.296366006
22/06/2017,2705.409912,336.3710022,0.297847986
23/06/2017,2744.909912,341.7390137,0.319977999
24/06/2017,2608.719971,323.6960144,0.31110999
25/06/2017,2589.409912,303.2479858,0.298422992
26/06/2017,2478.449951,272.6919861,0.27728799
27/06/2017,2552.449951,293.0880127,0.276306003
28/06/2017,2574.790039,327.927002,0.280454993
29/06/2017,2539.320068,302.8829956,0.265421003
30/06/2017,2480.840088,294.9159851,0.262930006
1/07/2017,2434.550049,274.6010132,0.254743993
2/07/2017,2506.469971,287.9869995,0.259449005
3/07/2017,2564.060059,282.8980103,0.259959012
4/07/2017,2601.639893,273.303009,0.254709005
5/07/2017,2601.98999,268.7739868,0.256523013
6/07/2017,2608.560059,270.5490112,0.254640996
7/07/2017,2518.659912,245.9909973,0.239480004
8/07/2017,2571.340088,251.6970062,0.236133993
9/07/2017,2518.439941,242.1369934,0.233416006
10/07/2017,2372.560059,215.3569946,0.203164995
11/07/2017,2337.790039,197.404007,0.185019001
12/07/2017,2398.840088,230.7740021,0.205354005
13/07/2017,2357.899902,209.7330017,0.200809002
14/07/2017,2233.340088,199.6620026,0.190769002
15/07/2017,1998.859985,170.6549988,0.170589
16/07/2017,1929.819946,157.3630066,0.148056
17/07/2017,2228.409912,193.423996,0.177889004
18/07/2017,2318.879883,234.3910065,0.188718006
19/07/2017,2273.429932,199.7030029,0.168387994
20/07/2017,2817.600098,227.2649994,0.188295007
21/07/2017,2667.76001,218.3049927,0.182607993
22/07/2017,2810.120117,229.4759979,0.193320006
23/07/2017,2730.399902,225.951004,0.195058003
24/07/2017,2754.860107,224.7109985,0.192001998
25/07/2017,2576.47998,206.7100067,0.178103998
26/07/2017,2529.449951,203.9530029,0.173822001
27/07/2017,2671.780029,204.3179932,0.173456997
28/07/2017,2809.01001,193.1230011,0.165937006
29/07/2017,2726.449951,205.7890015,0.169871002
30/07/2017,2757.179932,197.9779968,0.165081993
31/07/2017,2875.340088,203.8710022,0.167385995
1/08/2017,2718.26001,226.7689972,0.177053005
2/08/2017,2710.669922,219.9519958,0.173113003
3/08/2017,2804.72998,225.3419952,0.174612001
4/08/2017,2895.889893,223.072998,0.173742995
5/08/2017,3252.909912,256.5069885,0.184736997
6/08/2017,3213.939941,261.5669861,0.180444002
7/08/2017,3378.939941,269.1799927,0.179021001
8/08/2017,3419.939941,296.7690125,0.192586005
9/08/2017,3342.469971,296.0270081,0.182946995
10/08/2017,3381.280029,295.8919983,0.180399001
11/08/2017,3650.620117,308.8640137,0.179306999
12/08/2017,3884.709961,310.6010132,0.173852995
13/08/2017,4073.26001,298.0639954,0.168091998
14/08/2017,4325.129883,300.0969849,0.169991001
15/08/2017,4181.930176,289.8179932,0.161220998
16/08/2017,4376.629883,302.2669983,0.160430998
17/08/2017,4331.689941,301.4570007,0.157498002
18/08/2017,4160.620117,295.5899963,0.158883005
19/08/2017,4193.700195,297.4700012,0.155056998
20/08/2017,4087.659912,301.428009,0.158735007
21/08/2017,4001.73999,321.5910034,0.191918001
22/08/2017,4100.52002,314.7850037,0.239286005
23/08/2017,4151.52002,317.5190125,0.246827006
24/08/2017,4334.680176,325.6109924,0.218958005
25/08/2017,4371.600098,331.9150085,0.217828006
26/08/2017,4352.399902,333.8819885,0.212577
27/08/2017,4382.879883,347.8930054,0.202995002
28/08/2017,4382.660156,347.7470093,0.224508002
29/08/2017,4579.02002,370.6669922,0.218564004
30/08/2017,4565.299805,378.4849854,0.228006005
31/08/2017,4703.390137,383.0419922,0.255629987
1/09/2017,4892.009766,387.7409973,0.248478994
2/09/2017,4578.77002,348.9840088,0.226668999
3/09/2017,4582.959961,347.4840088,0.228810996
4/09/2017,4236.310059,295.17099,0.204968005
5/09/2017,4376.529785,312.9880066,0.215188995
6/09/2017,4597.120117,334.3380127,0.226186007
7/09/2017,4599.879883,329.428009,0.223639995
8/09/2017,4228.75,296.4970093,0.211518005
9/09/2017,4226.060059,294.4049988,0.209995002
10/09/2017,4122.939941,288.7470093,0.213030994
11/09/2017,4161.27002,294.5320129,0.214441001
12/09/2017,4130.810059,291.4639893,0.209303007
13/09/2017,3882.590088,277.1119995,0.200777993
14/09/2017,3154.949951,213.9080048,0.164167002
15/09/2017,3637.52002,250.4640045,0.181357995
16/09/2017,3625.040039,246.5220032,0.179082006
17/09/2017,3582.879883,251.7489929,0.178393006
18/09/2017,4065.199951,293.4970093,0.189768001
19/09/2017,3924.969971,282.8039856,0.184040993
20/09/2017,3905.949951,283.7420044,0.182078004
21/09/2017,3631.040039,258.5799866,0.171754003
22/09/2017,3630.699951,264.3099976,0.17351
23/09/2017,3792.399902,286.1679993,0.177882001
24/09/2017,3682.840088,282.4830017,0.175787002
25/09/2017,3926.070068,292.3320007,0.181486994
26/09/2017,3892.350098,287.4379883,0.186119005
27/09/2017,4200.669922,306.4670105,0.203299001
28/09/2017,4174.72998,299.1549988,0.196131006
29/09/2017,4163.069824,291.4670105,0.193606004
30/09/2017,4338.709961,301.4649963,0.197529003
1/10/2017,4403.740234,302.3370056,0.206532001
2/10/2017,4409.319824,297.4750061,0.202675998
3/10/2017,4317.47998,292.4630127,0.203318
4/10/2017,4229.359863,292.6579895,0.214773998
5/10/2017,4328.410156,295.8630066,0.237016007
6/10/2017,4370.810059,308.5880127,0.234038994
7/10/2017,4426.890137,311.1239929,0.238609999
8/10/2017,4610.47998,308.6080017,0.279944003
9/10/2017,4772.02002,297.3919983,0.251825005
10/10/2017,4781.990234,299.8699951,0.260733008
11/10/2017,4826.47998,303.4559937,0.264438987
12/10/2017,5446.910156,304.1359863,0.248413995
13/10/2017,5647.209961,338.7569885,0.260488987
14/10/2017,5831.790039,339.6279907,0.257319987
15/10/2017,5678.189941,336.5950012,0.263983011
16/10/2017,5725.589844,333.3840027,0.256231993
17/10/2017,5605.509766,317.0820007,0.232063994
18/10/2017,5590.689941,314.3190002,0.218520001
19/10/2017,5708.52002,308.0880127,0.215149999
20/10/2017,6011.450195,304.006012,0.210548997
21/10/2017,6031.600098,300.1870117,0.211015999
22/10/2017,6008.419922,295.4460144,0.204177007
23/10/2017,5930.319824,286.9500122,0.196927994
24/10/2017,5526.640137,298.3280029,0.206643999
25/10/2017,5750.799805,297.9249878,0.204604
26/10/2017,5904.830078,296.5270081,0.203628004
27/10/2017,5780.899902,297.4230042,0.202785
28/10/2017,5753.089844,296.2980042,0.201835006
29/10/2017,6153.850098,305.0880127,0.202785
30/10/2017,6130.529785,307.7510071,0.202711001
31/10/2017,6468.399902,305.8789978,0.200558007
1/11/2017,6767.310059,291.6940002,0.194123998
2/11/2017,7078.5,287.4289856,0.205861002
3/11/2017,7207.759766,305.7109985,0.208132997
4/11/2017,7379.950195,300.4689941,0.203749999
5/11/2017,7407.410156,296.2630005,0.202055007
6/11/2017,7022.759766,298.8919983,0.205990002
7/11/2017,7144.379883,294.6589966,0.210354
8/11/2017,7459.689941,309.0700073,0.217436999
9/11/2017,7143.580078,320.8840027,0.217488006
10/11/2017,6618.140137,299.2529907,0.206483006
11/11/2017,6357.600098,314.6809998,0.210429996
12/11/2017,5950.069824,307.9079895,0.197338998
13/11/2017,6559.490234,316.7160034,0.203442007
14/11/2017,6635.75,337.631012,0.209824994
15/11/2017,7315.540039,333.3569946,0.212955996
16/11/2017,7871.689941,330.9240112,0.227107003
17/11/2017,7708.990234,332.3940125,0.226581007
18/11/2017,7790.149902,347.6119995,0.228626996
19/11/2017,8036.490234,354.3859863,0.231015995
20/11/2017,8200.639648,366.730011,0.238758996
21/11/2017,8071.259766,360.401001,0.233271003
22/11/2017,8253.549805,380.6520081,0.238858998
23/11/2017,8038.77002,410.1659851,0.242402002
24/11/2017,8253.69043,474.9110107,0.244642004
25/11/2017,8790.919922,466.276001,0.252393007
26/11/2017,9330.549805,471.3299866,0.248817995
27/11/2017,9818.349609,480.355011,0.253926992
28/11/2017,10058.7998,472.9020081,0.299151987
29/11/2017,9888.610352,427.5230103,0.243064001
30/11/2017,10233.59961,447.1140137,0.250878006
1/12/2017,10975.59961,466.5400085,0.255699009
2/12/2017,11074.59961,463.4490051,0.255492002
3/12/2017,11323.2002,465.8529968,0.252557993
4/12/2017,11657.2002,470.20401,0.253571004
5/12/2017,11916.7002,463.2810059,0.246101007
6/12/2017,14291.5,428.5880127,0.232544005
7/12/2017,17899.69922,434.4079895,0.222822994
8/12/2017,16569.40039,456.0310059,0.252124995
9/12/2017,15178.2002,473.5020142,0.244708002
10/12/2017,15455.40039,441.7210083,0.237333
11/12/2017,16936.80078,515.1359863,0.251691014
12/12/2017,17415.40039,651.4310303,0.373540998
13/12/2017,16408.19922,702.7670288,0.471062988
14/12/2017,16564,695.815979,0.864262998
15/12/2017,17706.90039,684.447998,0.756181002
16/12/2017,19497.40039,696.2089844,0.758642018
17/12/2017,19140.80078,719.9749756,0.728366017
18/12/2017,19114.19922,794.6450195,0.778406978
19/12/2017,17776.69922,826.822998,0.791257024
20/12/2017,16624.59961,819.0859985,0.775964022
21/12/2017,15802.90039,821.0629883,1.19306004
22/12/2017,13831.7998,674.8599854,1.138280034
23/12/2017,14699.2002,719.3870239,1.17434001
24/12/2017,13925.7998,694.1480103,1.043949962
25/12/2017,14026.59961,765.8339844,1.122320056
26/12/2017,16099.7998,773.8359985,1.189489961
27/12/2017,15838.5,762.84198,1.399639964
28/12/2017,14606.5,737.0230103,1.430879951
29/12/2017,14656.2002,753.59198,2.214600086
30/12/2017,12952.2002,717.257019,2.159019947
31/12/2017,14156.40039,756.7329712,2.300570011
1/01/2018,13657.2002,772.6409912,2.391030073
2/01/2018,14982.09961,884.4439697,2.480900049
3/01/2018,15201,962.7199707,3.105370045
4/01/2018,15599.2002,980.9219971,3.196630001
5/01/2018,17429.5,997.7199707,3.048710108
6/01/2018,17527,1041.680054,3.09397006
7/01/2018,16477.59961,1153.170044,3.377810001
8/01/2018,15170.09961,1148.530029,2.456209898
9/01/2018,14595.40039,1299.73999,2.101779938
10/01/2018,14973.2998,1255.819946,1.974920034
11/01/2018,13405.7998,1154.930054,1.950799942
12/01/2018,13980.59961,1273.199951,2.043230057
13/01/2018,14360.2002,1396.420044,2.021349907
14/01/2018,13772,1366.77002,1.861189961
15/01/2018,13819.7998,1291.920044,1.676730037
16/01/2018,11490.5,1053.689941,1.179239988
17/01/2018,11188.59961,1014.25,1.306339979
18/01/2018,11474.90039,1036.280029,1.596580029
19/01/2018,11607.40039,1039.099976,1.552049994
20/01/2018,12899.2002,1155.150024,1.578619957
21/01/2018,11600.09961,1049.579956,1.38004005
22/01/2018,10931.40039,1003.26001,1.357349992
23/01/2018,10868.40039,986.2290039,1.337069988
24/01/2018,11359.40039,1058.780029,1.357149959
25/01/2018,11259.40039,1056.030029,1.312229991
26/01/2018,11171.40039,1055.170044,1.217270017
27/01/2018,11440.7002,1107.069946,1.219110012
28/01/2018,11786.2998,1246.01001,1.399600029
29/01/2018,11296.40039,1182.359985,1.32396996
30/01/2018,10106.2998,1071.130005,1.138560057
31/01/2018,10221.09961,1118.310059,1.162389994
1/02/2018,9170.540039,1036.790039,0.962530017
2/02/2018,8830.75,915.7849731,0.884783983
3/02/2018,9174.910156,964.0189819,0.924043
4/02/2018,8277.009766,834.6820068,0.815702975
5/02/2018,6955.27002,697.9509888,0.691798985
6/02/2018,7754,793.1220093,0.776392996
7/02/2018,7621.299805,757.0679932,0.723895013
8/02/2018,8265.589844,817.8070068,0.805262983
9/02/2018,8736.980469,883.8649902,0.954428017
10/02/2018,8621.900391,860.414978,1.070739985
11/02/2018,8129.970215,814.6599731,1.004160047
12/02/2018,8926.570313,868.7069702,1.081009984
13/02/2018,8598.30957,845.2579956,1.02741003
14/02/2018,9494.629883,923.5609741,1.14162004
15/02/2018,10166.40039,936.9760132,1.146860003
16/02/2018,10233.90039,944.210022,1.138030052
17/02/2018,11112.7002,974.1149902,1.204980016
18/02/2018,10551.7998,923.9210205,1.120460033
19/02/2018,11225.2998,943.8649902,1.144420028
20/02/2018,11403.7002,895.3709717,1.089460015
21/02/2018,10690.40039,849.9710083,1.015390038
22/02/2018,10005,812.8449707,0.941788018
23/02/2018,10301.09961,864.1890259,0.998854995
24/02/2018,9813.070313,840.5150146,0.95440203
25/02/2018,9664.730469,844.8099976,0.943486989
26/02/2018,10366.7002,869.3150024,0.956858993
27/02/2018,10725.59961,878.2650146,0.947305024
28/02/2018,10397.90039,855.1989746,0.904582977
1/03/2018,10951,872.2000122,0.928346992
2/03/2018,11086.40039,856.8530273,0.910143971
3/03/2018,11489.7002,857.2249756,0.907804012
4/03/2018,11512.59961,866.6779785,1.005540013
5/03/2018,11573.2998,853.684021,0.95936799
6/03/2018,10779.90039,816.9509888,0.922887027
7/03/2018,9965.570313,752.8309937,0.871209979
8/03/2018,9395.009766,704.5960083,0.825856984
9/03/2018,9337.549805,728.9160156,0.849761009
10/03/2018,8866,686.8900146,0.796626985
11/03/2018,9578.629883,723.3389893,0.831121981
12/03/2018,9205.120117,699.8309937,0.801047981
13/03/2018,9194.849609,690.8270264,0.789710999
14/03/2018,8269.80957,614.2910156,0.701901972
15/03/2018,8300.860352,611.3040161,0.697269022
16/03/2018,8338.349609,601.6660156,0.689260006
17/03/2018,7916.879883,552.7789917,0.637856007
18/03/2018,8223.679688,538.6439819,0.658776999
19/03/2018,8630.650391,556.7260132,0.749080002
20/03/2018,8913.469727,557.1749878,0.709807992
21/03/2018,8929.280273,561.7319946,0.693664014
22/03/2018,8728.469727,539.7020264,0.662742972
23/03/2018,8879.620117,539.6190186,0.643173993
24/03/2018,8668.120117,526.4390259,0.641264975
25/03/2018,8495.780273,524.2869873,0.641875029
26/03/2018,8209.400391,489.9509888,0.599462986
27/03/2018,7833.040039,450.1159973,0.57791698
28/03/2018,7954.47998,446.2789917,0.578001976
29/03/2018,7165.700195,385.9679871,0.511511028
30/03/2018,6890.52002,394.644989,0.509564996
31/03/2018,6973.529785,396.4570007,0.512353003
1/04/2018,6844.22998,379.6069946,0.485080987
2/04/2018,7083.799805,386.4249878,0.500688016
3/04/2018,7456.109863,416.8930054,0.558044016
4/04/2018,6853.839844,380.5429993,0.501631021
5/04/2018,6811.470215,383.2319946,0.495801002
6/04/2018,6636.319824,370.2850037,0.476431012
7/04/2018,6911.089844,385.3139954,0.487866998
8/04/2018,7023.52002,400.5079956,0.50039798
9/04/2018,6770.72998,398.526001,0.491854995
10/04/2018,6834.759766,414.2430115,0.491930991
11/04/2018,6968.319824,430.5400085,0.539506018
12/04/2018,7889.25,492.9410095,0.628736973
13/04/2018,7895.959961,492.7349854,0.638086975
14/04/2018,7986.240234,501.4779968,0.632184029
15/04/2018,8329.110352,531.7020264,0.682533979
16/04/2018,8058.669922,511.1470032,0.663296998
17/04/2018,7902.089844,502.8940125,0.65693301
18/04/2018,8163.419922,524.7890015,0.708931983
19/04/2018,8294.30957,567.8889771,0.791975975
20/04/2018,8845.830078,615.7180176,0.924465001
21/04/2018,8895.580078,605.3950195,0.873103023
22/04/2018,8802.459961,621.8599854,0.869994998
23/04/2018,8930.879883,642.5479736,0.876657009
24/04/2018,9697.5,708.15802,0.934781015
25/04/2018,8845.740234,615.4160156,0.800607026
26/04/2018,9281.509766,662.809021,0.852414012
27/04/2018,8987.049805,647.0319824,0.813884974
28/04/2018,9348.480469,683.6779785,0.863803983
29/04/2018,9419.080078,688.8809814,0.872777998
30/04/2018,9240.549805,669.9240112,0.837938011
1/05/2018,9119.009766,673.6129761,0.841407001
2/05/2018,9235.919922,687.1489868,0.859094024
3/05/2018,9743.860352,779.5430298,0.884465992
4/05/2018,9700.759766,785.6240234,0.895442009
5/05/2018,9858.150391,816.1199951,0.905103028
6/05/2018,9654.799805,792.3109741,0.871424019
7/05/2018,9373.009766,753.7249756,0.832641006
8/05/2018,9234.820313,752.8569946,0.813970029
9/05/2018,9325.179688,752.2750244,0.802043021
10/05/2018,9043.94043,727.2769775,0.758237004
11/05/2018,8441.490234,679.5859985,0.684948027
12/05/2018,8504.889648,686.0479736,0.696735024
13/05/2018,8723.94043,733.4959717,0.745747983
14/05/2018,8716.790039,730.5490112,0.740898013
15/05/2018,8510.379883,708.8709717,0.698588014
16/05/2018,8368.830078,707.0499878,0.714080989
17/05/2018,8094.319824,672.6569824,0.667309999
18/05/2018,8250.969727,694.3670044,0.680293977
19/05/2018,8247.179688,696.5300293,0.67671299
20/05/2018,8513.25,715.3690186,0.700244009
21/05/2018,8418.990234,699.2219849,0.681586981
22/05/2018,8041.779785,647.7410278,0.645567
23/05/2018,7557.819824,583.585022,0.599593997
24/05/2018,7587.339844,601.7550049,0.631996989
25/05/2018,7480.140137,586.7340088,0.611001015
26/05/2018,7355.879883,587.2800293,0.612707973
27/05/2018,7368.220215,572.6680298,0.60788101
28/05/2018,7135.990234,516.0360107,0.552299023
29/05/2018,7472.589844,565.3880005,0.601240993
30/05/2018,7406.52002,559.5900269,0.60581702
31/05/2018,7494.169922,577.6450195,0.612622023
1/06/2018,7541.450195,580.0430298,0.623363972
2/06/2018,7643.450195,591.8079834,0.643450975
3/06/2018,7720.25,618.3289795,0.671204984
4/06/2018,7514.470215,592.9849854,0.661424994
5/06/2018,7633.759766,609.3029785,0.677015007
6/06/2018,7653.97998,607.1240234,0.674796999
7/06/2018,7678.240234,605.1870117,0.678128004
8/06/2018,7624.919922,601.0770264,0.67434299
9/06/2018,7531.97998,597.5620117,0.659754992
10/06/2018,6786.02002,526.4790039,0.588126004
11/06/2018,6906.919922,533.2839966,0.604066014
12/06/2018,6582.359863,496.8429871,0.562933028
13/06/2018,6349.899902,477.493988,0.534663022
14/06/2018,6675.350098,519.7420044,0.561306
15/06/2018,6456.580078,491.0039978,0.537706971
16/06/2018,6550.160156,499.6419983,0.534784019
17/06/2018,6499.27002,500.447998,0.528216004
18/06/2018,6734.819824,518.8909912,0.537495017
19/06/2018,6769.939941,537.9569702,0.549620986
20/06/2018,6776.549805,536.2680054,0.539286017
21/06/2018,6729.740234,527.3670044,0.534775019
22/06/2018,6083.689941,465.8169861,0.486947
23/06/2018,6162.47998,474.519989,0.491284013
24/06/2018,6173.22998,457.6719971,0.477380008
25/06/2018,6249.180176,460.3099976,0.481752992
26/06/2018,6093.669922,432.7720032,0.456001014
27/06/2018,6157.129883,442.3649902,0.470369995
28/06/2018,5903.439941,422.3649902,0.448457986
29/06/2018,6218.299805,436.0090027,0.453079998
30/06/2018,6404,455.1799927,0.466244996
1/07/2018,6385.819824,453.9179993,0.461358011
2/07/2018,6614.180176,475.3469849,0.486122012
3/07/2018,6529.589844,464.1950073,0.485222995
4/07/2018,6597.549805,467.3179932,0.490043014
5/07/2018,6639.140137,474.4119873,0.481624991
6/07/2018,6673.5,474.0119934,0.479151011
7/07/2018,6856.930176,491.6600037,0.492477
8/07/2018,6773.879883,489.118988,0.47774899
9/07/2018,6741.75,476.6820068,0.474269986
10/07/2018,6329.950195,434.4240112,0.445042014
11/07/2018,6394.709961,446.5180054,0.450233012
12/07/2018,6228.810059,430.0740051,0.435364008
13/07/2018,6238.049805,434.0270081,0.438740999
14/07/2018,6276.120117,436.0859985,0.439271003
15/07/2018,6359.640137,449.8500061,0.445894003
16/07/2018,6741.75,480.6579895,0.483401
17/07/2018,7321.040039,501.0020142,0.505586982
18/07/2018,7370.779785,480.5130005,0.486389011
19/07/2018,7466.859863,469.618988,0.476433009
20/07/2018,7354.129883,450.697998,0.446994007
21/07/2018,7419.290039,462.4360046,0.455410004
22/07/2018,7418.490234,459.6570129,0.449310988
23/07/2018,7711.109863,450.8529968,0.445275992
24/07/2018,8424.269531,479.3729858,0.457623005
25/07/2018,8181.390137,472.4930115,0.459829003
26/07/2018,7951.580078,464.0369873,0.449919999
27/07/2018,8165.009766,469.6659851,0.453635007
28/07/2018,8192.150391,466.8980103,0.453667015
29/07/2018,8218.459961,466.6650085,0.45330599
30/07/2018,8180.47998,457.0809937,0.446107
31/07/2018,7780.439941,433.8670044,0.43522501
1/08/2018,7624.910156,420.7470093,0.445852011
2/08/2018,7567.149902,412.6210022,0.430254012
3/08/2018,7434.390137,418.2619934,0.44057101
4/08/2018,7032.850098,407.2520142,0.428507
5/08/2018,7068.47998,410.5159912,0.433638006
6/08/2018,6951.799805,406.6579895,0.414081007
7/08/2018,6753.120117,380.2149963,0.381006002
8/08/2018,6305.799805,356.6130066,0.331943989
9/08/2018,6568.22998,365.5880127,0.346771002
10/08/2018,6184.709961,334.1759949,0.320425987
11/08/2018,6295.72998,322.1119995,0.301261991
12/08/2018,6322.689941,319.5700073,0.29787001
13/08/2018,6297.569824,286.4949951,0.277465999
14/08/2018,6199.709961,278.9320068,0.274271995
15/08/2018,6308.52002,282.3640137,0.282005012
16/08/2018,6334.72998,288.04599,0.292436004
17/08/2018,6580.629883,315.7290039,0.366676003
18/08/2018,6423.759766,295.8120117,0.327100009
19/08/2018,6506.069824,300.8340149,0.343977988
20/08/2018,6308.529785,274.3150024,0.319283009
21/08/2018,6488.759766,281.9440002,0.335177004
22/08/2018,6376.709961,271.3410034,0.319802999
23/08/2018,6534.879883,277.1040039,0.327708989
24/08/2018,6719.959961,282.9670105,0.327605993
25/08/2018,6763.189941,279.6459961,0.328229994
26/08/2018,6707.259766,275.196991,0.323776007
27/08/2018,6884.640137,285.6029968,0.336903006
28/08/2018,7096.279785,296.4989929,0.351837009
29/08/2018,7047.160156,289.3120117,0.344803005
30/08/2018,6978.22998,284.105011,0.335444003
31/08/2018,7037.580078,283.0039978,0.335332006
1/09/2018,7193.25,295.3410034,0.34772101
2/09/2018,7272.720215,294.3710022,0.342523009
3/09/2018,7260.060059,289.2590027,0.335961014
4/09/2018,7361.660156,285.7229919,0.331651986
5/09/2018,6792.830078,232.3309937,0.283600986
6/09/2018,6529.169922,230.2149963,0.302709997
7/09/2018,6467.069824,217.2030029,0.291435003
8/09/2018,6225.97998,197.951004,0.279332995
9/09/2018,6300.859863,196.923996,0.278679997
10/09/2018,6329.700195,197.0789948,0.270321012
11/09/2018,6321.200195,185.0659943,0.263709992
12/09/2018,6351.799805,183.3309937,0.270087004
13/09/2018,6517.310059,211.3540039,0.280582994
14/09/2018,6512.709961,211.7489929,0.277159005
15/09/2018,6543.200195,223.0740051,0.282007992
16/09/2018,6517.180176,220.5890045,0.281165987
17/09/2018,6281.200195,197.875,0.27225101
18/09/2018,6371.299805,209.9750061,0.321859986
19/09/2018,6398.540039,209.9689941,0.326052994
20/09/2018,6519.669922,224.5910034,0.449918002
21/09/2018,6734.950195,246.5839996,0.561461985
22/09/2018,6721.97998,240.4799957,0.57079798
23/09/2018,6710.629883,244.3300018,0.570689023
24/09/2018,6595.410156,228.7299957,0.494711995
25/09/2018,6446.470215,218.5050049,0.526941001
26/09/2018,6495,215.8470001,0.51630801
27/09/2018,6676.75,228.4940033,0.541381001
28/09/2018,6644.129883,222.4019928,0.539111972
29/09/2018,6601.959961,231.6349945,0.571228027
30/09/2018,6625.560059,232.8480072,0.581571996
1/10/2018,6589.620117,230.7680054,0.576461017
2/10/2018,6556.100098,227.1809998,0.520837009
3/10/2018,6502.589844,220.4889984,0.528162003
4/10/2018,6576.689941,222.2180023,0.526606023
5/10/2018,6622.47998,227.6009979,0.519025981
6/10/2018,6588.310059,225.1199951,0.488081992
7/10/2018,6602.950195,226.1190033,0.482039005
8/10/2018,6652.22998,229.2550049,0.489751011
9/10/2018,6642.640137,227.9819946,0.479856998
10/10/2018,6585.529785,225.7689972,0.462386996
11/10/2018,6256.240234,189.4989929,0.383130014
12/10/2018,6274.580078,196.727005,0.419115007
13/10/2018,6285.990234,199.8410034,0.418877989
14/10/2018,6290.930176,195.7149963,0.40328601
15/10/2018,6596.540039,209.7039948,0.447315991
16/10/2018,6596.109863,210.1199951,0.470252991
17/10/2018,6544.430176,207.0829926,0.468196988
18/10/2018,6476.709961,203.352005,0.457724988
19/10/2018,6465.410156,203.727005,0.454178005
20/10/2018,6489.189941,205.4299927,0.459151
21/10/2018,6482.350098,205.1419983,0.456694007
22/10/2018,6487.160156,204.0440063,0.453108996
23/10/2018,6475.740234,204.3359985,0.462058008
24/10/2018,6495.839844,203.852005,0.457237005
25/10/2018,6476.290039,202.7189941,0.458052009
26/10/2018,6474.75,203.3289948,0.459288001
27/10/2018,6480.379883,204.2100067,0.456348002
28/10/2018,6486.390137,205.3659973,0.462406009
29/10/2018,6332.629883,197.246994,0.441513985
30/10/2018,6334.27002,197.5559998,0.444759011
31/10/2018,6317.609863,197.3809967,0.44838199
1/11/2018,6377.779785,198.871994,0.455722004
2/11/2018,6388.439941,200.6349945,0.458685011
3/11/2018,6361.259766,200.1860046,0.455666989
4/11/2018,6376.129883,207.4859924,0.462691009
5/11/2018,6419.660156,209.0910034,0.497411996
6/11/2018,6461.009766,218.4519958,0.549080014
7/11/2018,6530.140137,217.1829987,0.535706997
8/11/2018,6453.720215,212.2310028,0.493508011
9/11/2018,6385.620117,210.0740051,0.500667989
10/11/2018,6409.220215,212.5330048,0.506698012
11/11/2018,6411.27002,211.3399963,0.505913019
12/11/2018,6371.27002,210.4179993,0.517165005
13/11/2018,6359.490234,206.826004,0.510111988
14/11/2018,5738.350098,181.3970032,0.474372
15/11/2018,5648.029785,180.8059998,0.48170799
16/11/2018,5575.549805,175.177002,0.471608996
17/11/2018,5554.330078,174.0010071,0.491654009
18/11/2018,5623.540039,177.0670013,0.510473013
19/11/2018,4871.490234,149.1750031,0.478166014
20/11/2018,4451.870117,130.3390045,0.434726
21/11/2018,4602.169922,136.701004,0.447650999
22/11/2018,4365.939941,126.7060013,0.426079988
23/11/2018,4347.109863,123.2959976,0.407427996
24/11/2018,3880.76001,113.4940033,0.375335991
25/11/2018,4009.969971,116.4499969,0.374550998
26/11/2018,3779.129883,108.3349991,0.355450988
27/11/2018,3820.719971,110.0100021,0.360163003
28/11/2018,4257.419922,122.4380035,0.390556991
29/11/2018,4278.84668,117.5426483,0.379562318
30/11/2018,4017.268555,113.1714249,0.362454861
1/12/2018,4214.671875,118.6355591,0.372905552
2/12/2018,4139.87793,116.3889008,0.367627233
3/12/2018,3894.130859,108.9250183,0.348754406
4/12/2018,3956.893799,110.2141876,0.352231324
5/12/2018,3753.994873,102.4755554,0.338241994
6/12/2018,3521.101807,91.76105499,0.310936391
7/12/2018,3419.937256,93.29456329,0.301997453
8/12/2018,3476.114746,92.15963745,0.307269216
9/12/2018,3614.234375,95.14205933,0.313370049
10/12/2018,3502.656006,91.68565369,0.303765714
11/12/2018,3424.588135,88.94530487,0.301345289
12/12/2018,3486.950195,90.59329987,0.307323158
13/12/2018,3313.677246,86.53931427,0.30002588
14/12/2018,3242.484863,84.3082962,0.288790405
15/12/2018,3236.761719,84.44081116,0.285883129
16/12/2018,3252.839111,85.26210022,0.28792879
17/12/2018,3545.864746,95.13382721,0.328453004
18/12/2018,3696.059082,101.1124573,0.35016194
19/12/2018,3745.950684,101.2685776,0.351955563
20/12/2018,4134.441406,116.2168732,0.378198534
21/12/2018,3896.543701,109.4962311,0.358570158
22/12/2018,4014.182617,116.7594986,0.362308264
23/12/2018,3998.980225,130.7652588,0.371270478
24/12/2018,4078.599121,140.2380066,0.406798691
25/12/2018,3815.490723,129.8443451,0.380871683
26/12/2018,3857.297607,131.8656311,0.378692627
27/12/2018,3654.833496,116.5759125,0.341161996
28/12/2018,3923.918701,137.6470184,0.376851916
29/12/2018,3820.408691,138.0183411,0.367251843
30/12/2018,3865.952637,139.8594513,0.369581223
31/12/2018,3742.700439,133.3682709,0.352706492
1/01/2019,3843.52002,140.8194122,0.364770621
2/01/2019,3943.409424,155.0476837,0.375242591
3/01/2019,3836.741211,149.1350098,0.36022377
4/01/2019,3857.717529,154.5819397,0.356747448
5/01/2019,3845.19458,155.6385956,0.355275065
6/01/2019,4076.632568,157.7462006,0.368395478
7/01/2019,4025.248291,151.6992188,0.364346653
8/01/2019,4030.8479,150.3596344,0.365314871
9/01/2019,4035.296387,150.8031158,0.37089023
10/01/2019,3678.924561,128.6251831,0.332651645
11/01/2019,3687.365479,127.5483246,0.332903922
12/01/2019,3661.301025,125.9665298,0.328799784
13/01/2019,3552.953125,116.8978043,0.317862779
14/01/2019,3706.052246,129.0687256,0.333766192
15/01/2019,3630.675293,122.0327148,0.327178925
16/01/2019,3655.006836,123.5470581,0.329700947
17/01/2019,3678.563965,123.7419205,0.329352736
18/01/2019,3657.839355,121.0102615,0.324276805
19/01/2019,3728.568359,124.5190201,0.331001282
20/01/2019,3601.013672,119.4748306,0.321176529
21/01/2019,3576.032471,117.1578522,0.320789754
22/01/2019,3604.577148,118.747551,0.31949082
23/01/2019,3585.123047,117.4526062,0.316492051
24/01/2019,3600.865479,117.3628845,0.317597568
25/01/2019,3599.765869,116.3783417,0.3171646
26/01/2019,3602.460449,116.488739,0.314235151
27/01/2019,3583.96582,113.4052887,0.309439242
28/01/2019,3470.450439,106.5899734,0.294862837
29/01/2019,3448.116943,105.5982132,0.289558142
30/01/2019,3486.181641,108.9075394,0.320461154
31/01/2019,3457.792725,107.0610123,0.310035795
1/02/2019,3487.945313,107.609787,0.308517426
2/02/2019,3521.060791,110.4302597,0.310912251
3/02/2019,3464.013428,107.4926682,0.30235213
4/02/2019,3459.154053,107.8216019,0.300197899
5/02/2019,3466.357422,107.4435196,0.299239188
6/02/2019,3413.767822,104.9192886,0.290727317
7/02/2019,3399.47168,104.5353012,0.291618049
8/02/2019,3666.780273,119.267746,0.311683118
9/02/2019,3671.203613,119.4308853,0.311283916
10/02/2019,3690.188232,124.806488,0.309909225
11/02/2019,3648.430664,121.2983932,0.302741438
12/02/2019,3653.528564,122.5722885,0.305190444
13/02/2019,3632.070557,122.5536041,0.304283917
14/02/2019,3616.880859,121.3902054,0.301909268
15/02/2019,3620.810791,122.1003876,0.301758528
16/02/2019,3629.787598,123.2602158,0.301702946
17/02/2019,3673.836182,133.598877,0.303370208
18/02/2019,3915.714355,146.0983734,0.321568102
19/02/2019,3947.094482,145.3461761,0.3237679
20/02/2019,3999.820557,149.5543365,0.332879663
21/02/2019,3954.118164,146.1308441,0.321291149
22/02/2019,4005.526611,149.092453,0.321904182
23/02/2019,4142.526855,158.7954254,0.332619518
24/02/2019,3810.42749,135.8526611,0.301443398
25/02/2019,3882.696289,139.8228607,0.328509778
26/02/2019,3854.35791,138.0896759,0.319476724
27/02/2019,3851.047363,136.1259613,0.313106358
28/02/2019,3854.7854,136.7462463,0.315077543
1/03/2019,3859.58374,136.4436188,0.317311585
2/03/2019,3864.415039,134.206955,0.315125644
3/03/2019,3847.175781,132.2494202,0.312553644
4/03/2019,3761.557129,127.7741241,0.305133075
5/03/2019,3896.375,137.8223877,0.316506535
6/03/2019,3903.942627,138.7893524,0.317031056
7/03/2019,3911.484375,138.0345001,0.314766198
8/03/2019,3901.131592,135.1270752,0.310087472
9/03/2019,3963.313721,137.965332,0.313826233
10/03/2019,3951.599854,136.7586823,0.313106984
11/03/2019,3905.227295,133.8340302,0.31106469
12/03/2019,3909.15625,134.4428864,0.31020093
13/03/2019,3906.717285,133.2630768,0.314097792
14/03/2019,3924.369141,133.7115936,0.31295523
15/03/2019,3960.911133,137.6917877,0.315051764
16/03/2019,4048.72583,142.3981781,0.320468426
17/03/2019,4025.229004,140.0005493,0.317612261
18/03/2019,4032.507324,139.3746033,0.317440152
19/03/2019,4071.190186,140.5191956,0.31928134
20/03/2019,4087.476318,140.6863556,0.319610238
21/03/2019,4029.326904,136.6360626,0.312717587
22/03/2019,4023.968262,137.1814423,0.31154108
23/03/2019,4035.826416,138.2398682,0.312359303
24/03/2019,4022.168213,136.9869232,0.308991581
25/03/2019,3963.070557,135.0310211,0.304055482
26/03/2019,3985.080811,135.4603577,0.305059552
27/03/2019,4087.066162,140.9881592,0.312464654
28/03/2019,4069.107178,139.4164734,0.309246451
29/03/2019,4098.374512,142.4974213,0.307928622
30/03/2019,4106.660156,142.0926819,0.310631931
31/03/2019,4105.404297,141.5140991,0.309228837
1/04/2019,4158.183105,141.8303223,0.312746584
2/04/2019,4879.87793,163.9617462,0.3514992
3/04/2019,4973.021973,161.4588013,0.342233986
4/04/2019,4922.798828,158.052536,0.332512915
5/04/2019,5036.681152,165.5148468,0.361802638
6/04/2019,5059.817383,165.9472046,0.354404658
7/04/2019,5198.896973,174.5316467,0.359855682
8/04/2019,5289.770996,180.2588196,0.35823372
9/04/2019,5204.958496,176.1145782,0.349461764
10/04/2019,5324.551758,177.3374786,0.354792267
11/04/2019,5064.487793,165.4970245,0.330984205
12/04/2019,5089.539063,164.7363281,0.326346308
13/04/2019,5096.586426,164.5133514,0.326030642
14/04/2019,5167.722168,167.8385162,0.32880944
15/04/2019,5067.108398,161.574173,0.320913464
16/04/2019,5235.55957,167.6234436,0.327217668
17/04/2019,5251.937988,166.9507599,0.335452884
18/04/2019,5298.385742,173.8140259,0.337064654
19/04/2019,5303.8125,173.7084351,0.331902146
20/04/2019,5337.88623,173.7512665,0.328476042
21/04/2019,5314.53125,170.046524,0.322448552
22/04/2019,5399.365234,171.8746643,0.323933691
23/04/2019,5572.361816,171.4477997,0.321222335
24/04/2019,5464.866699,165.8260956,0.302318484
25/04/2019,5210.515625,154.4593964,0.289384156
26/04/2019,5279.348145,156.3470917,0.298502177
27/04/2019,5268.291016,158.4349365,0.296741188
28/04/2019,5285.13916,157.2950745,0.297425568
29/04/2019,5247.352539,155.2019958,0.294289291
30/04/2019,5350.726563,162.1660309,0.309476227
1/05/2019,5402.697266,160.8183441,0.304695964
2/05/2019,5505.283691,162.1227875,0.303239375
3/05/2019,5768.289551,167.9524078,0.308222294
4/05/2019,5831.16748,164.0265808,0.304551572
5/05/2019,5795.708496,163.4506989,0.302342236
6/05/2019,5746.807129,172.6532135,0.302389413
7/05/2019,5829.501465,169.7986603,0.299684465
8/05/2019,5982.45752,170.9481659,0.300721228
9/05/2019,6174.528809,170.2893066,0.296509176
10/05/2019,6378.849121,173.142746,0.300387293
11/05/2019,7204.771484,194.3043365,0.324543387
12/05/2019,6972.371582,187.3253174,0.310073853
13/05/2019,7814.915039,196.846283,0.325475067
14/05/2019,7994.416016,217.1485748,0.40906173
15/05/2019,8205.167969,247.1530609,0.456004828
16/05/2019,7884.90918,264.0100098,0.419706762
17/05/2019,7343.895508,243.7645874,0.386193216
18/05/2019,7271.208008,234.5952301,0.3727355
19/05/2019,8197.689453,261.2922058,0.417700201
20/05/2019,7978.309082,251.8644104,0.398002625
21/05/2019,7963.327637,255.2158813,0.397603244
22/05/2019,7680.066406,244.6989136,0.376637012
23/05/2019,7881.84668,245.9656677,0.381204158
24/05/2019,7987.371582,249.4849854,0.384541482
25/05/2019,8052.543945,251.7598724,0.38703984
26/05/2019,8673.21582,267.0696411,0.408412606
27/05/2019,8805.77832,272.8626404,0.434167862
28/05/2019,8719.961914,271.7687073,0.446549028
29/05/2019,8659.487305,269.4556885,0.443712801
30/05/2019,8319.472656,255.8589478,0.422395408
31/05/2019,8574.501953,268.1135559,0.438573778
1/06/2019,8564.016602,265.3912659,0.43058297
2/06/2019,8742.958008,270.2255249,0.444785148
3/06/2019,8208.995117,252.6079254,0.425763607
4/06/2019,7707.770996,241.3387909,0.400666624
5/06/2019,7824.231445,247.0510101,0.402731866
6/06/2019,7822.023438,249.4743347,0.41953966
7/06/2019,8043.951172,250.9303589,0.423130363
8/06/2019,7954.12793,245.7380981,0.412410975
9/06/2019,7688.077148,233.0867004,0.388266057
10/06/2019,8000.32959,247.5201263,0.400427371
11/06/2019,7927.714355,245.7818298,0.394260913
12/06/2019,8145.857422,260.9032898,0.401760221
13/06/2019,8230.923828,256.1687927,0.400886923
14/06/2019,8693.833008,264.0874634,0.405921429
15/06/2019,8838.375,269.0193176,0.410419345
16/06/2019,8994.488281,269.2232056,0.42751649
17/06/2019,9320.352539,274.3511047,0.448079914
18/06/2019,9081.762695,265.0518494,0.428761393
19/06/2019,9273.521484,269.4317932,0.436816514
20/06/2019,9527.160156,271.6950073,0.429822892
21/06/2019,10144.55664,294.9102783,0.443188369
22/06/2019,10701.69141,309.3803101,0.474764317
23/06/2019,10855.37109,307.8277893,0.468291014
24/06/2019,11011.10254,310.4246826,0.470087737
25/06/2019,11790.91699,318.1263123,0.468229026
26/06/2019,13016.23145,336.7531738,0.467451036
27/06/2019,11182.80664,294.2676392,0.408754379
28/06/2019,12407.33203,311.2261047,0.427315354
29/06/2019,11959.37109,320.0589294,0.429377615
30/06/2019,10817.15527,290.6959839,0.396410525
1/07/2019,10583.13477,293.6411133,0.406861931
2/07/2019,10801.67773,291.5964355,0.400204062
3/07/2019,11961.26953,303.0999756,0.408531874
4/07/2019,11215.4375,284.5232239,0.388718545
5/07/2019,10978.45996,287.9975281,0.378964275
6/07/2019,11208.55078,287.5471191,0.389055043
7/07/2019,11450.84668,305.7005615,0.397047192
8/07/2019,12285.95801,313.2514038,0.40153265
9/07/2019,12573.8125,308.881012,0.394168109
10/07/2019,12156.5127,290.0023193,0.363774836
11/07/2019,11358.66211,268.7040405,0.330335438
12/07/2019,11815.98633,276.2767029,0.34411779
13/07/2019,11392.37891,269.4588013,0.332178891
14/07/2019,10256.05859,227.578064,0.306426227
15/07/2019,10895.08984,229.776001,0.315309972
16/07/2019,9477.641602,199.1886749,0.296725929
17/07/2019,9693.802734,211.4849701,0.310612619
18/07/2019,10666.48242,226.5661621,0.323176295
19/07/2019,10530.73242,221.3334198,0.320605099
20/07/2019,10767.13965,229.1192169,0.33320877
21/07/2019,10599.10547,225.6307678,0.331308603
22/07/2019,10343.10645,217.5600128,0.322105587
23/07/2019,9900.767578,212.7285156,0.309925973
24/07/2019,9811.925781,217.0463715,0.315947145
25/07/2019,9911.841797,219.6179962,0.314810485
26/07/2019,9870.303711,219.6296082,0.32352981
27/07/2019,9477.677734,207.4083099,0.310527742
28/07/2019,9552.860352,211.186554,0.312288314
29/07/2019,9519.145508,211.2680511,0.310658038
30/07/2019,9607.423828,210.5225983,0.318469852
31/07/2019,10085.62793,218.6541443,0.320908934
1/08/2019,10399.66895,217.8084412,0.317905754
2/08/2019,10518.1748,217.8715668,0.312393814
3/08/2019,10821.72656,222.4903412,0.316757172
4/08/2019,10970.18457,222.6697235,0.319841981
5/08/2019,11805.65332,234.2150269,0.323564142
6/08/2019,11478.16895,226.0206451,0.311325788
7/08/2019,11941.96875,226.3910065,0.311969429
8/08/2019,11966.40723,220.941864,0.307661235
9/08/2019,11862.93652,210.4889069,0.297343343
10/08/2019,11354.02441,206.7335358,0.298720568
11/08/2019,11523.5791,216.092865,0.301915348
12/08/2019,11382.61621,211.2880707,0.300321609
13/08/2019,10895.83008,208.7090454,0.296638519
14/08/2019,10051.7041,186.6077423,0.263342947
15/08/2019,10311.5459,188.5020599,0.264882177
16/08/2019,10374.33887,185.4400787,0.261971384
17/08/2019,10231.74414,185.6876831,0.265720695
18/08/2019,10345.81055,194.4935303,0.282646358
19/08/2019,10916.05371,203.0919342,0.283328146
20/08/2019,10763.23242,196.5654144,0.27580604
21/08/2019,10138.0498,186.8916321,0.266261071
22/08/2019,10131.05566,191.3329163,0.270944089
23/08/2019,10407.96484,194.7062073,0.27654469
24/08/2019,10159.96094,191.289566,0.272553027
25/08/2019,10138.51758,186.842392,0.270088106
26/08/2019,10370.82031,188.9293823,0.270788044
27/08/2019,10185.5,187.5166626,0.269618273
28/08/2019,9754.422852,173.8899689,0.257449687
29/08/2019,9510.200195,169.5167389,0.25704515
30/08/2019,9598.173828,168.8348694,0.256218076
31/08/2019,9630.664063,172.4697876,0.259204417
1/09/2019,9757.970703,171.629425,0.258054048
2/09/2019,10346.76074,178.3473511,0.260820478
3/09/2019,10623.54004,179.4993286,0.263139129
4/09/2019,10594.49316,175.9928894,0.259904802
5/09/2019,10575.5332,174.2171326,0.256345928
6/09/2019,10353.30273,169.9561768,0.252340227
7/09/2019,10517.25488,178.262619,0.260686785
8/09/2019,10441.27637,181.3555298,0.263084322
9/09/2019,10334.97461,181.1494751,0.259562343
10/09/2019,10115.97559,179.7871704,0.258671194
11/09/2019,10178.37207,178.7254944,0.255956471
12/09/2019,10410.12695,181.016098,0.254810899
13/09/2019,10360.54688,181.109726,0.255551249
14/09/2019,10358.04883,188.1055145,0.261166751
15/09/2019,10347.71289,189.7891235,0.261627853
16/09/2019,10276.79395,197.1131744,0.260951728
17/09/2019,10241.27246,208.6087494,0.285012841
18/09/2019,10198.24805,211.3930359,0.313776344
19/09/2019,10266.41504,221.2808533,0.302441359
20/09/2019,10181.6416,218.0500488,0.294470191
21/09/2019,10019.7168,215.5162048,0.289442539
22/09/2019,10070.39258,211.5453796,0.278930515
23/09/2019,9729.324219,201.9213104,0.268675059
24/09/2019,8620.566406,168.110733,0.235226229
25/09/2019,8486.993164,170.8927002,0.246441409
26/09/2019,8118.967773,166.7271271,0.243783593
27/09/2019,8251.845703,174.7109985,0.244020611
28/09/2019,8245.915039,174.5728912,0.242571309
29/09/2019,8104.185547,170.503479,0.241388127
30/09/2019,8293.868164,179.8722076,0.25593254
1/10/2019,8343.276367,177.3404236,0.249565139
2/10/2019,8393.041992,180.7105103,0.253538609
3/10/2019,8259.992188,175.1993408,0.247860178
4/10/2019,8205.939453,176.9850006,0.253934681
5/10/2019,8151.500488,176.3515167,0.25345698
6/10/2019,7988.155762,173.0591431,0.257704526
7/10/2019,8245.623047,181.1863403,0.275684655
8/10/2019,8228.783203,182.0215607,0.278458774
9/10/2019,8595.740234,193.2932587,0.281626999
10/10/2019,8586.473633,191.659668,0.272072762
11/10/2019,8321.756836,182.5696869,0.271099478
12/10/2019,8336.555664,180.8266449,0.273191482
13/10/2019,8321.005859,182.0751495,0.277764589
14/10/2019,8374.686523,186.960907,0.296522945
15/10/2019,8205.369141,181.4060669,0.288701653
16/10/2019,8047.526855,176.013504,0.284639806
17/10/2019,8103.911133,178.0283508,0.302315116
18/10/2019,7973.20752,173.6213379,0.295004755
19/10/2019,7988.560547,172.9130249,0.293022513
20/10/2019,8222.078125,175.5343781,0.294179469
21/10/2019,8243.720703,174.92099,0.29297924
22/10/2019,8078.203125,172.3008575,0.291606903
23/10/2019,7514.671875,162.4027863,0.274142534
24/10/2019,7493.48877,162.1685333,0.278490514
25/10/2019,8660.700195,181.5232086,0.298164755
26/10/2019,9244.972656,179.8354797,0.293699503
27/10/2019,9551.714844,184.242218,0.298099965
28/10/2019,9256.148438,182.6628113,0.296006799
29/10/2019,9427.6875,190.3425751,0.301955521
30/10/2019,9205.726563,184.6921692,0.296554893
31/10/2019,9199.584961,183.9669189,0.296357602
1/11/2019,9261.104492,183.9699097,0.29264158
2/11/2019,9324.717773,183.9257202,0.296262711
3/11/2019,9235.354492,182.4250183,0.29126054
4/11/2019,9412.612305,186.3551941,0.299937427
5/11/2019,9342.527344,189.3041687,0.301255256
6/11/2019,9360.879883,191.5938416,0.310086101
7/11/2019,9267.561523,187.9765472,0.292430937
8/11/2019,8804.880859,184.2114716,0.276953191
9/11/2019,8813.582031,185.028717,0.280195981
10/11/2019,9055.526367,189.4772797,0.280203551
11/11/2019,8757.788086,185.4896393,0.275085747
12/11/2019,8815.662109,186.8434143,0.272418201
13/11/2019,8808.262695,188.2587433,0.273036152
14/11/2019,8708.094727,185.9996338,0.270390868
15/11/2019,8491.992188,180.5211792,0.261654496
16/11/2019,8550.760742,183.3483582,0.263886482
17/11/2019,8577.975586,185.1192322,0.265253007
18/11/2019,8309.286133,180.5596008,0.255653381
19/11/2019,8206.145508,177.4555511,0.256500393
20/11/2019,8027.268066,175.698349,0.251363665
21/11/2019,7642.75,161.4627228,0.243766084
22/11/2019,7296.577637,150.2681732,0.231599659
23/11/2019,7397.796875,153.4177856,0.236188456
24/11/2019,7047.916992,142.8347015,0.223184377
25/11/2019,7146.133789,146.476532,0.218621522
26/11/2019,7218.371094,148.9650726,0.222144783
27/11/2019,7531.663574,153.0105591,0.225080758
28/11/2019,7463.105957,151.7175751,0.224569619
29/11/2019,7761.243652,155.3041534,0.230217293
30/11/2019,7569.629883,152.5396881,0.226474404
1/12/2019,7424.29248,151.18573,0.225332797
2/12/2019,7321.988281,149.0591583,0.219580695
3/12/2019,7320.145508,147.9564209,0.219869629
4/12/2019,7252.034668,146.7477417,0.21634753
5/12/2019,7448.307617,149.2489929,0.22292839
6/12/2019,7546.996582,149.1944427,0.225505009
7/12/2019,7556.237793,148.768158,0.228444755
8/12/2019,7564.345215,151.2647247,0.230434954
9/12/2019,7400.899414,148.225174,0.2254522
10/12/2019,7278.119629,146.2670441,0.224302262
11/12/2019,7217.427246,143.6080017,0.222052872
12/12/2019,7243.134277,145.6040039,0.219859466
13/12/2019,7269.68457,144.9447479,0.220754534
14/12/2019,7124.673828,142.8692322,0.217355788
15/12/2019,7152.301758,143.1149902,0.218601301
16/12/2019,6932.480469,133.6140289,0.207225099
17/12/2019,6640.515137,122.6038895,0.18369925
18/12/2019,7276.802734,133.0921936,0.19617635
19/12/2019,7202.844238,129.3211365,0.190819502
20/12/2019,7218.816406,129.0660553,0.195315629
21/12/2019,7191.158691,128.1309509,0.194081903
22/12/2019,7511.588867,132.3725128,0.196977735
23/12/2019,7355.628418,128.61409,0.190942675
24/12/2019,7322.532227,129.0638885,0.192198232
25/12/2019,7275.155762,126.4546356,0.190718904
26/12/2019,7238.966797,126.3612213,0.190394133
27/12/2019,7290.088379,127.2146072,0.191102147
28/12/2019,7317.990234,128.3227081,0.193222195
29/12/2019,7422.652832,134.7579803,0.197050765
30/12/2019,7292.995117,132.6334839,0.194474146
31/12/2019,7193.599121,129.6108551,0.192893952
1/01/2020,7200.174316,130.802002,0.192667425
2/01/2020,6985.470215,127.4101791,0.1880427
3/01/2020,7344.884277,134.1717072,0.193521142
4/01/2020,7410.656738,135.0693665,0.194355324
5/01/2020,7411.317383,136.2767792,0.195537195
6/01/2020,7769.219238,144.3041534,0.221509963
7/01/2020,8163.692383,143.5439911,0.213917255
8/01/2020,8079.862793,141.2581329,0.209026307
9/01/2020,7879.071289,138.9792023,0.204898939
10/01/2020,8166.554199,143.9637756,0.212305889
11/01/2020,8037.537598,142.9271088,0.211850911
12/01/2020,8192.494141,145.8739319,0.215633377
13/01/2020,8144.194336,144.226593,0.212617099
14/01/2020,8827.764648,165.9553528,0.23468709
15/01/2020,8807.010742,166.2306824,0.232894838
16/01/2020,8723.786133,164.3910065,0.22857365
17/01/2020,8929.038086,170.779953,0.238775983
18/01/2020,8942.808594,175.3656769,0.243285954
19/01/2020,8706.245117,166.9698486,0.235585272
20/01/2020,8657.642578,167.1205139,0.233296394
21/01/2020,8745.894531,169.6971588,0.237165689
22/01/2020,8680.875977,168.2941589,0.236055613
23/01/2020,8406.515625,162.9285583,0.226104021
24/01/2020,8445.43457,163.051178,0.223041311
25/01/2020,8367.847656,161.2839355,0.220427126
26/01/2020,8596.830078,168.0771027,0.230686083
27/01/2020,8909.819336,170.9308929,0.231221989
28/01/2020,9358.589844,176.3703156,0.238488078
29/01/2020,9316.629883,175.0503387,0.235729754
30/01/2020,9508.993164,184.6904755,0.243641719
31/01/2020,9350.529297,180.1601715,0.239232749
1/02/2020,9392.875,183.6739502,0.241455287
2/02/2020,9344.365234,188.6175385,0.250734419
3/02/2020,9293.521484,189.8650665,0.254627168
4/02/2020,9180.962891,189.2505951,0.266808271
5/02/2020,9613.423828,204.2302399,0.277467936
6/02/2020,9729.801758,212.3390808,0.282214046
7/02/2020,9795.943359,222.726059,0.279284209
8/02/2020,9865.119141,223.1465149,0.277242988
9/02/2020,10116.67383,228.5785675,0.282457441
10/02/2020,9856.611328,223.5227051,0.274080485
11/02/2020,10208.23633,235.8511963,0.280140698
12/02/2020,10326.05469,265.4061279,0.304392546
13/02/2020,10214.37988,268.0992432,0.326706171
14/02/2020,10312.11621,284.2174988,0.334822118
15/02/2020,9889.424805,264.7285767,0.306236327
16/02/2020,9934.433594,259.8947144,0.295033813
17/02/2020,9690.142578,266.3634338,0.28657186
18/02/2020,10141.99609,281.9445801,0.297912657
19/02/2020,9633.386719,259.7639771,0.277602196
20/02/2020,9608.475586,257.9494629,0.2723957
21/02/2020,9686.441406,265.6006165,0.274937779
22/02/2020,9663.181641,262.3317261,0.275901079
23/02/2020,9924.515625,273.7541504,0.28271082
24/02/2020,9650.174805,265.2164307,0.270626813
25/02/2020,9341.705078,247.8175964,0.25341174
26/02/2020,8820.522461,225.6802673,0.230851248
27/02/2020,8784.494141,226.7534027,0.237116307
28/02/2020,8672.455078,226.760498,0.236296266
29/02/2020,8599.508789,219.8485107,0.231193334
1/03/2020,8562.454102,218.9705963,0.228846326
2/03/2020,8869.669922,230.5697784,0.238747314
3/03/2020,8787.786133,224.4796295,0.234380513
4/03/2020,8755.246094,224.5179749,0.23453021
5/03/2020,9078.762695,229.2681885,0.239581823
6/03/2020,9122.545898,243.5252991,0.244088352
7/03/2020,8909.954102,237.8530884,0.237070709
8/03/2020,8108.116211,200.6890564,0.206904337
9/03/2020,7923.644531,201.9863281,0.209180921
10/03/2020,7909.729492,200.7672424,0.212235302
11/03/2020,7911.430176,194.8685303,0.208095714
12/03/2020,4970.788086,112.3471222,0.139635131
13/03/2020,5563.707031,133.2018127,0.159352183
14/03/2020,5200.366211,123.3060226,0.147292227
15/03/2020,5392.314941,125.2143021,0.153901845
16/03/2020,5014.47998,110.6058731,0.141063139
17/03/2020,5225.629395,113.942749,0.144524068
18/03/2020,5238.438477,114.8422699,0.143100485
19/03/2020,6191.192871,136.5938568,0.165036663
20/03/2020,6198.77832,132.7371674,0.156868488
21/03/2020,6185.066406,132.8187103,0.158179253
22/03/2020,5830.254883,123.3211441,0.150213748
23/03/2020,6416.314941,134.9116058,0.157418802
24/03/2020,6734.803711,138.7614441,0.162254974
25/03/2020,6681.062988,136.1958923,0.161632985
26/03/2020,6716.44043,138.361557,0.175019115
27/03/2020,6469.79834,133.9379425,0.176195353
28/03/2020,6242.193848,130.986496,0.175782859
29/03/2020,5922.042969,125.5837326,0.163829163
30/03/2020,6429.841797,132.904541,0.172170848
31/03/2020,6438.644531,133.5935669,0.174563214
1/04/2020,6606.776367,135.634552,0.175322652
2/04/2020,6793.624512,142.0291443,0.178640455
3/04/2020,6733.387207,142.0913086,0.179466918
4/04/2020,6867.527344,145.2193909,0.181732282
5/04/2020,6791.129395,143.5466461,0.179405808
6/04/2020,7271.78125,169.1358795,0.195506021
7/04/2020,7176.414551,165.101944,0.192092806
8/04/2020,7334.098633,172.6417389,0.200868979
9/04/2020,7302.089355,170.8071442,0.198256806
10/04/2020,6865.493164,158.4124451,0.187464058
11/04/2020,6859.083008,158.2160187,0.188063398
12/04/2020,6971.091797,161.1424255,0.190134749
13/04/2020,6845.037598,156.2795563,0.187732175
14/04/2020,6842.427734,157.5963898,0.185335308
15/04/2020,6642.109863,153.2868958,0.181269601
16/04/2020,7116.804199,172.1573792,0.19010435
17/04/2020,7096.18457,171.6385803,0.19020167
18/04/2020,7257.665039,186.9140015,0.194924682
19/04/2020,7189.424805,181.6149597,0.190859079
20/04/2020,6881.958496,172.2971649,0.183490038
21/04/2020,6880.323242,172.7377014,0.184328139
22/04/2020,7117.20752,182.5995789,0.187970355
23/04/2020,7429.724609,185.0286713,0.191710919
24/04/2020,7550.900879,189.2369385,0.193664908
25/04/2020,7569.936035,195.5153046,0.195053682
26/04/2020,7679.867188,197.3175354,0.196805283
27/04/2020,7795.601074,197.2247162,0.197978154
28/04/2020,7807.058594,198.41539,0.215484053
29/04/2020,8801.038086,216.9682312,0.227432445
30/04/2020,8658.553711,207.6020508,0.212760612
1/05/2020,8864.766602,214.219101,0.219247699
2/05/2020,8988.59668,215.3253784,0.223913819
3/05/2020,8897.46875,210.9331512,0.219414279
4/05/2020,8912.654297,208.1740112,0.21896331
5/05/2020,9003.070313,206.7743988,0.216462642
6/05/2020,9268.761719,204.0557861,0.215210289
7/05/2020,9951.518555,212.2893982,0.218917295
8/05/2020,9842.666016,212.9915771,0.219827205
9/05/2020,9593.896484,211.6001282,0.216902226
10/05/2020,8756.430664,188.5995636,0.198175892
11/05/2020,8601.795898,185.9128418,0.194063842
12/05/2020,8804.477539,189.3125,0.197637349
13/05/2020,8980.541992,190.7392883,0.198633716
