Date,CONS,NGDP,MONEY,PRICE,SHORT,LONG,URATE,WAGE,INVEST
1969-07-01,53230000000.00000,8845000000.000000,14200000000.000000,8.82284652890643,5.90000000000000,5.80000000000000,1.70000000000000,,18026000000.000000
1969-10-01,53980000000.00000,9061000000.000000,14500000000.000000,8.82284652890643,5.65000000000000,5.87666666666667,1.90000000000000,,18334000000.000000
1970-01-01,54361000000.00000,9285000000.000000,14700000000.000000,8.91571859763176,6.41666666666667,5.98666666666667,1.60000000000000,,18093000000.000000
1970-04-01,54996000000.00000,9642000000.000000,15000000000.000000,9.00859066635709,8.80000000000000,6.88333333333333,1.70000000000000,,18502000000.000000
1970-07-01,55703000000.00000,9705000000.000000,15000000000.000000,9.10146273508242,6.85000000000000,6.87666666666667,1.70000000000000,,18324000000.000000
1970-10-01,56305000000.00000,9867000000.000000,15300000000.000000,9.28720687253309,6.36666666666667,6.84000000000000,1.60000000000000,,18659000000.000000
1971-01-01,56254000000.00000,10247000000.000000,15500000000.000000,9.38007894125842,7.40000000000000,6.84666666666667,1.70000000000000,,19251000000.000000
1971-04-01,56708000000.00000,10478000000.000000,15800000000.000000,9.47295100998374,7.91666666666667,6.83333333333333,1.90000000000000,,19071000000.000000
1971-07-01,58145000000.00000,10887000000.000000,16200000000.000000,9.75156721615974,6.65000000000000,6.80333333333333,1.90000000000000,,19856000000.000000
1971-10-01,57861000000.00000,10902000000.000000,16600000000.000000,9.93731135361040,6.06666666666667,6.37000000000000,2.20000000000000,,19226000000.000000
1972-01-01,58144000000.00000,11101000000.000000,16900000000.000000,10.03018342233570,5.53333333333333,5.94000000000000,2.40000000000000,,19092000000.000000
1972-04-01,58932000000.00000,11525000000.000000,17500000000.000000,10.12305549106110,5.61666666666667,5.85000000000000,2.40000000000000,,19244000000.000000
1972-07-01,59555000000.00000,11685000000.000000,18200000000.000000,10.30879962851170,4.56666666666667,5.76666666666667,2.90000000000000,,19595000000.000000
1972-10-01,60219000000.00000,12075000000.000000,19300000000.000000,10.40167169723710,4.61666666666667,5.77000000000000,2.80000000000000,,19738000000.000000
1973-01-01,61649000000.00000,12678000000.000000,20400000000.000000,10.58741583468770,4.98333333333333,5.75000000000000,2.60000000000000,,20184000000.000000
1973-04-01,62543000000.00000,13274000000.000000,21500000000.000000,10.95890410958900,6.20000000000000,6.34666666666667,2.30000000000000,,20269000000.000000
1973-07-01,63249000000.00000,14019000000.000000,22900000000.000000,11.33039238449040,7.38333333333333,7.28333333333333,2.10000000000000,,20600000000.000000
1973-10-01,64163000000.00000,14950000000.000000,23900000000.000000,11.70188065939170,9.36666666666667,8.35333333333333,2.10000000000000,,21260000000.000000
1974-01-01,65715000000.00000,15477000000.000000,24500000000.000000,12.07336893429300,9.61666666666667,8.36333333333333,2.10000000000000,,21305000000.000000
1974-04-01,66156000000.00000,15748000000.000000,25300000000.000000,12.53772927791970,18.93333333333330,8.78333333333333,2.10000000000000,,20026000000.000000
1974-07-01,67415000000.00000,16734000000.000000,24900000000.000000,13.18783375899700,13.93333333333330,9.50000000000000,2.70000000000000,,19478000000.000000
1974-10-01,66976000000.00000,17625000000.000000,25400000000.000000,13.65219410262360,10.15000000000000,9.50000000000000,4.00000000000000,,19284000000.000000
1975-01-01,68490000000.00000,17977000000.000000,27700000000.000000,14.20942651497560,8.90000000000000,9.46666666666667,4.80000000000000,,19432000000.000000
1975-04-01,69048000000.00000,18804000000.000000,29200000000.000000,14.67378685860230,9.16666666666667,9.50000000000000,4.80000000000000,,19665000000.000000
1975-07-01,68550000000.00000,19375000000.000000,30600000000.000000,14.76665892732760,8.13333333333333,10.00000000000000,4.70000000000000,,19904000000.000000
1975-10-01,67214000000.00000,20307000000.000000,31800000000.000000,15.60250754585560,7.90000000000000,10.00000000000000,5.40000000000000,,19752000000.000000
1976-01-01,68425000000.00000,21269000000.000000,32300000000.000000,16.06686788948220,8.13333333333333,10.00333333333330,4.90000000000000,,20172000000.000000
1976-04-01,69794000000.00000,22209000000.000000,33400000000.000000,16.43835616438360,10.04000000000000,9.99666666666667,4.50000000000000,,20705000000.000000
1976-07-01,71434000000.00000,22986000000.000000,39300000000.000000,16.80984443928490,9.44666666666667,9.99333333333334,4.80000000000000,,20337000000.000000
1976-10-01,72212000000.00000,23721000000.000000,40800000000.000000,17.83143719526350,9.34000000000000,10.13000000000000,4.90000000000000,,21362000000.000000
1977-01-01,72104000000.00000,24249000000.000000,42000000000.000000,18.20292547016480,9.32333333333334,10.40000000000000,5.20000000000000,,21141000000.000000
1977-04-01,72830000000.00000,25072000000.000000,42600000000.000000,18.66728581379150,10.91666666666670,10.40666666666670,5.60000000000000,,20825000000.000000
1977-07-01,72993000000.00000,25411000000.000000,43300000000.000000,19.03877408869280,10.68333333333330,10.33333333333330,5.80000000000000,,21482000000.000000
1977-10-01,73053000000.00000,25698000000.000000,44300000000.000000,19.50313443231950,9.92666666666667,9.76666666666666,5.90000000000000,,21161000000.000000
1978-01-01,73318000000.00000,26548000000.000000,45600000000.000000,19.78175063849550,9.69333333333333,9.25333333333333,6.60000000000000,,21701000000.000000
1978-04-01,74925000000.00000,27337000000.000000,46800000000.000000,20.15323891339680,10.69666666666670,9.12333333333333,6.26159096666667,,22530000000.000000
1978-07-01,74759000000.00000,28250000000.000000,48600000000.000000,20.52472718829810,9.75333333333333,9.03333333333333,6.32187646666667,,22989000000.000000
1978-10-01,73989000000.00000,28997000000.000000,49800000000.000000,20.98908753192480,9.23000000000000,8.83000000000000,6.30237150000000,,23810000000.000000
1979-01-01,74786000000.00000,30447000000.000000,51700000000.000000,21.36057580682610,8.75666666666666,9.06666666666667,6.31171303333333,,24201000000.000000
1979-04-01,75121000000.00000,30918000000.000000,53100000000.000000,21.91780821917810,10.40666666666670,9.78333333333333,6.31923536666667,,24367000000.000000
1979-07-01,75230000000.00000,31989000000.000000,54500000000.000000,22.47504063153010,9.83666666666666,10.07000000000000,6.21180896666667,,23803000000.000000
1979-10-01,75542000000.00000,33267000000.000000,56400000000.000000,23.12514511260740,10.09333333333330,10.07666666666670,6.18544713333333,,24433000000.000000
1980-01-01,76482000000.00000,34165000000.000000,58500000000.000000,23.58950545623400,10.52000000000000,10.73333333333330,6.02860026666667,,24645000000.000000
1980-04-01,76735000000.00000,34943000000.000000,60200000000.000000,24.33248200603670,13.64666666666670,11.75666666666670,6.22926666666667,,25225000000.000000
1980-07-01,77319000000.00000,36094000000.000000,62300000000.000000,24.70397028093800,12.29666666666670,11.79333333333330,6.13544253333333,,27033000000.000000
1980-10-01,78056000000.00000,37753000000.000000,64500000000.000000,25.26120269329000,11.64666666666670,12.30666666666670,5.98779236666667,,27214000000.000000
1981-01-01,78449000000.00000,38507000000.000000,66000000000.000000,25.81843510564200,13.53333333333330,13.10000000000000,5.76116103333333,,28086000000.000000
1981-04-01,80011000000.00000,39937000000.000000,68400000000.000000,26.37566751799400,16.18333333333330,13.10000000000000,5.50702373333333,,28319000000.000000
1981-07-01,81914000000.00000,42103000000.000000,70000000000.000000,26.93289993034590,15.48666666666670,14.63333333333330,5.83224693333333,,29496000000.000000
1981-10-01,82134000000.00000,43303000000.000000,71700000000.000000,28.04736475504990,14.95000000000000,15.00000000000000,5.96706560000000,,30192000000.000000
1982-01-01,82748000000.00000,44225000000.000000,73500000000.000000,28.60459716740190,17.40666666666670,15.08333333333330,6.20601790000000,,29950000000.000000
1982-04-01,84554000000.00000,45919000000.000000,76000000000.000000,29.25470164847920,19.47000000000000,16.00000000000000,6.56586580000000,,29039000000.000000
1982-07-01,84370000000.00000,46483000000.000000,77700000000.000000,30.27629440445790,16.64000000000000,16.03333333333330,7.11191576666667,,28220000000.000000
1982-10-01,85170000000.00000,47223000000.000000,80000000000.000000,31.20501509171120,13.82000000000000,14.38333333333330,8.79476950000000,,27387000000.000000
1983-01-01,85187000000.00000,47623000000.000000,83000000000.000000,31.85511957278850,13.22666666666670,13.66666666666670,9.63823283333333,,25893000000.000000
1983-04-01,84610000000.00000,48167000000.000000,85800000000.000000,32.50522405386580,13.43666666666670,13.96666666666670,10.22787823333330,,25937000000.000000
1983-07-01,85233000000.00000,50941000000.000000,88300000000.000000,33.06245646621780,12.00666666666670,14.55000000000000,10.35147433333330,,27053000000.000000
1983-10-01,85326000000.00000,52340000000.000000,91400000000.000000,33.89830508474580,10.12666666666670,13.36666666666670,9.70913493333333,312.393694362018,27798000000.000000
1984-01-01,86408000000.00000,54519000000.000000,94300000000.000000,33.71256094729510,11.85666666666670,13.86666666666670,9.36543830000000,321.113056379822,28252000000.000000
1984-04-01,85927000000.00000,55698000000.000000,96500000000.000000,33.80543301602040,13.49000000000000,13.93333333333330,9.13601690000000,334.041765578635,29792000000.000000
1984-07-01,85089000000.00000,56379000000.000000,100000000000.000000,34.26979335964710,11.46333333333330,13.01666666666670,8.82083353333333,335.845771513353,29284000000.000000
1984-10-01,85460000000.00000,57315000000.000000,104100000000.000000,34.73415370327370,11.59000000000000,13.28333333333330,8.63346970000000,336.346884272997,30062000000.000000
1985-01-01,87223000000.00000,59469000000.000000,108600000000.000000,35.19851404690040,14.15000000000000,13.53333333333330,8.53599200000000,339.854673590504,32116000000.000000
1985-04-01,88175000000.00000,61778000000.000000,111700000000.000000,36.03436266542840,15.69000000000000,13.75000000000000,8.45125946666667,344.865801186944,32283000000.000000
1985-07-01,90165000000.00000,63249000000.000000,117100000000.000000,36.87021128395640,16.05666666666670,13.71666666666670,8.16799960000000,349.576261127596,33597000000.000000
1985-10-01,91408000000.00000,64495000000.000000,119300000000.000000,37.61318783375900,18.03333333333330,14.81666666666670,7.86277276666667,356.291172106825,32575000000.000000
1986-01-01,90205000000.00000,65698000000.000000,121600000000.000000,38.44903645228700,17.90000000000000,13.46666666666670,7.91296296666667,363.807863501484,32415000000.000000
1986-04-01,92049000000.00000,66875000000.000000,125700000000.000000,39.09914093336430,15.05666666666670,12.61666666666670,7.80205066666667,367.516097922849,32498000000.000000
1986-07-01,92700000000.00000,68131000000.000000,127500000000.000000,40.12073368934290,16.76666666666670,14.05000000000000,8.23396246666666,376.035014836795,31825000000.000000
1986-10-01,92497000000.00000,70408000000.000000,130200000000.000000,41.23519851404690,16.08333333333330,13.53333333333330,8.33183506666666,380.845697329377,33425000000.000000
1987-01-01,92759000000.00000,72171000000.000000,133100000000.000000,42.07104713257490,16.32333333333330,13.75000000000000,8.27902766666666,380.745474777448,32276000000.000000
1987-04-01,93223000000.00000,74888000000.000000,137800000000.000000,42.72115161365220,14.30000000000000,12.95000000000000,8.17226473333334,388.562833827893,34065000000.000000
1987-07-01,94623000000.00000,77321000000.000000,142100000000.000000,43.46412816345480,12.41000000000000,12.80000000000000,7.98387613333333,395.478189910979,33615000000.000000
1987-10-01,95587000000.00000,79647000000.000000,146400000000.000000,44.20710471325750,11.96666666666670,13.26666666666670,7.91572716666667,401.491543026706,35645000000.000000
1988-01-01,96440000000.00000,82521000000.000000,149900000000.000000,44.95008126306010,10.98333333333330,12.20000000000000,7.51920546666667,408.106231454006,36018000000.000000
1988-04-01,96320000000.00000,84559000000.000000,155600000000.000000,45.78592988158810,12.25666666666670,11.91666666666670,7.64085636666667,413.518249258160,36170000000.000000
1988-07-01,97688000000.00000,87584000000.000000,160400000000.000000,46.62177850011610,13.34666666666670,11.90000000000000,6.92425013333333,419.331157270030,36660000000.000000
1988-10-01,99232000000.00000,90421000000.000000,170800000000.000000,47.55049918736940,14.61333333333330,12.40000000000000,6.75460510000000,429.353412462908,38817000000.000000
1989-01-01,101447000000.00000,93070000000.000000,182100000000.000000,48.01485953099600,16.45000000000000,13.53333333333330,6.59405393333333,435.266543026706,40272000000.000000
1989-04-01,102348000000.00000,96629000000.000000,193300000000.000000,49.22219642442540,17.78333333333330,13.60000000000000,6.16581886666667,444.086127596439,40863000000.000000
1989-07-01,103251000000.00000,98458000000.000000,200200000000.000000,50.33666124912930,18.04666666666670,13.31666666666670,6.00995560000000,451.101706231454,40949000000.000000
1989-10-01,104015000000.00000,100201000000.000000,204800000000.000000,51.26538193638260,18.16666666666670,13.18333333333330,5.85298296666667,456.313278931751,39701000000.000000
1990-01-01,105070000000.00000,102016000000.000000,211700000000.000000,52.19410262363590,16.45666666666670,13.18000000000000,6.22884106666667,463.328857566766,39484000000.000000
1990-04-01,105644000000.00000,103978000000.000000,217000000000.000000,53.02995124216390,15.07000000000000,13.56333333333330,6.46596633333333,472.148442136498,37899000000.000000
1990-07-01,105781000000.00000,103352000000.000000,221800000000.000000,53.40143951706520,14.09000000000000,13.42666666666670,7.22279080000000,479.264243323442,37775000000.000000
1990-10-01,105117000000.00000,104625000000.000000,226600000000.000000,54.79452054794520,12.55666666666670,12.55000000000000,7.86726356666667,490.088278931751,36429000000.000000
1991-01-01,105343000000.00000,103209000000.000000,226100000000.000000,54.70164847921990,11.68000000000000,11.47666666666670,8.73069446666666,494.898961424332,34923000000.000000
1991-04-01,105779000000.00000,103269000000.000000,228700000000.000000,54.79452054794520,10.82333333333330,10.96666666666670,9.62869190000000,486.680712166172,33924000000.000000
1991-07-01,107032000000.00000,104071000000.000000,231200000000.000000,55.07313675412120,10.01666666666670,10.65666666666670,9.84092470000000,493.596068249258,34274000000.000000
1991-10-01,107207000000.00000,105066000000.000000,231000000000.000000,55.63036916647320,8.38333333333334,9.66333333333334,10.21911710000000,501.413427299703,34256000000.000000
1992-01-01,108326000000.00000,106583000000.000000,232000000000.000000,55.63036916647320,7.49333333333333,10.01333333333330,10.41479806666670,505.522551928783,34310000000.000000
1992-04-01,109306000000.00000,107001000000.000000,235300000000.000000,55.44462502902250,6.72000000000000,9.15000000000000,10.63567560000000,506.925667655786,34494000000.000000
1992-07-01,109520000000.00000,108009000000.000000,239000000000.000000,55.53749709774780,5.77000000000000,8.73666666666666,10.81904026666670,507.727448071217,34795000000.000000
1992-10-01,109880000000.00000,110176000000.000000,240200000000.000000,55.81611330392380,5.88000000000000,8.98000000000000,11.14767066666670,504.921216617211,37752000000.000000
1993-01-01,109831000000.00000,112044000000.000000,246100000000.000000,56.28047364755050,5.69333333333333,8.13333333333333,10.90088183333330,515.945697329377,36777000000.000000
1993-04-01,110709000000.00000,113191000000.000000,250200000000.000000,56.46621778500120,5.21333333333333,7.54333333333333,10.85044520000000,519.854376854599,37122000000.000000
1993-07-01,110465000000.00000,113056000000.000000,252500000000.000000,56.74483399117720,4.89666666666667,6.78666666666667,10.88435500000000,524.163946587537,36762000000.000000
1993-10-01,112332000000.00000,115464000000.000000,254800000000.000000,56.83770605990250,4.80333333333333,6.66000000000000,10.88685836666670,522.961275964392,37845000000.000000
1994-01-01,112955000000.00000,117740000000.000000,263300000000.000000,57.11632226607850,4.83000000000000,7.12000000000000,10.43953496666670,526.569287833828,39049000000.000000
1994-04-01,113641000000.00000,119303000000.000000,268100000000.000000,57.48781054097980,4.96333333333333,8.95333333333333,9.88441006666666,533.985756676558,41272000000.000000
1994-07-01,115806000000.00000,122767000000.000000,271700000000.000000,57.85929881588110,5.64666666666666,9.75333333333333,9.47320236666667,540.400000000000,43168000000.000000
1994-10-01,116443000000.00000,122059000000.000000,279900000000.000000,58.32365915950780,7.18666666666667,10.34000000000000,9.05625273333334,542.600000000000,44246000000.000000
1995-01-01,117778000000.00000,124255000000.000000,285200000000.000000,59.25237984676110,8.19333333333333,10.20627536333330,8.76523040000000,545.700000000000,42896000000.000000
1995-04-01,119251000000.00000,125928000000.000000,288300000000.000000,60.08822846528910,7.71333333333333,9.25370032066667,8.36569166666667,549.900000000000,41700000000.000000
1995-07-01,119566000000.00000,128643000000.000000,296700000000.000000,60.83120501509170,7.54333333333333,8.96414768800000,8.36729043333334,551.200000000000,44650000000.000000
1995-10-01,120906000000.00000,131117000000.000000,305500000000.000000,61.29556535871840,7.45333333333333,8.41945773533333,8.38964436666667,555.600000000000,42137000000.000000
1996-01-01,121991000000.00000,132820000000.000000,310700000000.000000,61.48130949616900,7.48666666666667,8.38968253966667,8.40030130000000,560.400000000000,43705000000.000000
1996-04-01,122791000000.00000,134901000000.000000,316100000000.000000,61.94566983979570,7.56333333333333,8.87914569033333,8.41608333333334,566.600000000000,46226000000.000000
1996-07-01,123090000000.00000,135629000000.000000,320500000000.000000,62.13141397724630,7.13000000000000,8.22429951666667,8.61954563333333,569.400000000000,43908000000.000000
1996-10-01,124057000000.00000,137627000000.000000,331800000000.000000,62.22428604597170,6.42666666666667,7.34370048333333,8.61942363333334,570.800000000000,45521000000.000000
1997-01-01,125267000000.00000,138867000000.000000,338000000000.000000,62.31715811469700,5.92666666666667,7.58417376766667,8.61959243333333,578.900000000000,48657000000.000000
1997-04-01,127261000000.00000,142403000000.000000,345200000000.000000,62.13141397724630,5.75333333333333,7.58311832633333,8.48219376666667,579.400000000000,50363000000.000000
1997-07-01,129055000000.00000,143411000000.000000,347700000000.000000,61.85279777107030,4.95333333333333,6.53497490433333,8.37281020000000,583.900000000000,50152000000.000000
1997-10-01,130805000000.00000,147253000000.000000,353700000000.000000,62.03854190852100,4.95000000000000,6.11740717733333,7.97596206666667,593.100000000000,52272000000.000000
1998-01-01,131205000000.00000,148268000000.000000,358100000000.000000,62.22428604597170,4.97333333333333,5.85266666666667,7.83965926666667,594.500000000000,52955000000.000000
1998-04-01,133339000000.00000,149438000000.000000,366400000000.000000,62.59577432087300,5.06666666666667,5.63341269833333,7.73340200000000,597.400000000000,51419000000.000000
1998-07-01,136070000000.00000,152076000000.000000,376400000000.000000,62.68864638959830,5.13000000000000,5.50192828933333,7.78690783333333,603.700000000000,52985000000.000000
1998-10-01,137444000000.00000,154923000000.000000,381800000000.000000,62.96726259577430,4.83666666666667,4.98387445900000,7.37417760000000,604.000000000000,54847000000.000000
1999-01-01,140000000000.00000,156324000000.000000,391200000000.000000,62.96726259577430,4.79000000000000,5.31813882533333,7.08176020000000,605.000000000000,53700000000.000000
1999-04-01,140947000000.00000,157265000000.000000,403300000000.000000,63.24587880195030,4.85000000000000,5.81329365100000,6.88573683333333,612.000000000000,54447000000.000000
1999-07-01,142563000000.00000,160260000000.000000,410900000000.000000,63.80311121430230,4.94000000000000,6.27242424233333,6.87349756666667,605.000000000000,57061000000.000000
1999-10-01,144518000000.00000,163105000000.000000,417600000000.000000,64.17459948920360,5.46666666666667,6.63339105333333,6.63289353333333,614.000000000000,57621000000.000000
2000-01-01,144907000000.00000,168043000000.000000,422800000000.000000,64.73183190155560,5.78333333333333,6.90198285600000,6.65040290000000,622.200000000000,58359000000.000000
2000-04-01,146081000000.00000,170017000000.000000,432200000000.000000,65.19619224518230,6.19333333333333,6.30091300266667,6.30179206666667,635.600000000000,60419000000.000000
2000-07-01,147508000000.00000,174185000000.000000,439500000000.000000,67.70373810076620,6.42000000000000,6.17516218066667,5.98896616666667,645.200000000000,57114000000.000000
2000-10-01,148425000000.00000,173204000000.000000,438200000000.000000,67.88948223821680,6.31333333333333,5.88021929833333,6.17108450000000,644.300000000000,51763000000.000000
2001-01-01,149756000000.00000,178092000000.000000,454100000000.000000,68.63245878801950,5.54666666666667,5.28580266933333,6.36666410000000,655.400000000000,52692000000.000000
2001-04-01,150765000000.00000,179828000000.000000,468400000000.000000,69.18969120037150,4.90666666666667,5.80581682766667,6.86926060000000,662.500000000000,53346000000.000000
2001-07-01,151277000000.00000,183609000000.000000,480300000000.000000,69.37543533782210,4.84666666666667,5.80871179166667,6.86695723333333,669.500000000000,55445000000.000000
2001-10-01,152491000000.00000,186243000000.000000,498200000000.000000,70.02553981889950,4.29666666666667,5.56072602466667,6.97907586666667,675.200000000000,57633000000.000000
2002-01-01,154381000000.00000,190403000000.000000,514400000000.000000,70.67564429997680,4.34333333333333,6.03769444433333,6.62627310000000,681.100000000000,59043000000.000000
2002-04-01,156780000000.00000,193751000000.000000,496900000000.000000,71.14000464360340,4.83333333333333,6.17228299000000,6.40460693333333,686.600000000000,62405000000.000000
2002-07-01,158833000000.00000,196405000000.000000,515600000000.000000,71.60436498723010,4.95333333333333,5.64796866200000,6.27968326666667,693.100000000000,63319000000.000000
2002-10-01,159406000000.00000,199684000000.000000,532900000000.000000,72.06872533085670,4.85666666666667,5.51788474833333,6.15703500000000,701.300000000000,66925000000.000000
2003-01-01,160193000000.00000,201936000000.000000,549200000000.000000,72.99744601811000,4.77000000000000,5.23813888900000,6.05549583333334,709.900000000000,67360000000.000000
2003-04-01,161289000000.00000,203800000000.000000,564800000000.000000,72.99744601811000,4.74666666666667,5.05899481666667,6.05122886666667,724.800000000000,66396000000.000000
2003-07-01,163397000000.00000,208613000000.000000,577100000000.000000,73.46180636173670,4.81666666666667,5.42327608366667,5.90634820000000,727.500000000000,68600000000.000000
2003-10-01,167021000000.00000,213659000000.000000,595200000000.000000,73.83329463663800,5.25000000000000,5.74669220133333,5.70819026666667,742.400000000000,72260000000.000000
2004-01-01,170265000000.00000,217834000000.000000,612100000000.000000,74.48339911771540,5.54333333333333,5.57881159433333,5.53705733333333,745.200000000000,73007000000.000000
2004-04-01,171274000000.00000,220965000000.000000,622700000000.000000,74.85488739261660,5.51333333333333,5.86885714266667,5.43589130000000,745.100000000000,73195000000.000000
2004-07-01,173406000000.00000,224298000000.000000,631300000000.000000,75.13350359879260,5.44000000000000,5.57098484866667,5.47852573333333,753.400000000000,73345000000.000000
2004-10-01,175633000000.00000,228213000000.000000,648100000000.000000,75.69073601114460,5.41666666666667,5.34444444433333,5.11752366666667,763.900000000000,75838000000.000000
2005-01-01,175127000000.00000,232476000000.000000,659600000000.000000,76.24796842349660,5.62000000000000,5.46740371766667,5.10713896666667,778.300000000000,75686000000.000000
2005-04-01,178330000000.00000,237294000000.000000,678400000000.000000,76.71232876712330,5.69666666666667,5.30006782100000,5.05743530000000,788.300000000000,79688000000.000000
2005-07-01,179125000000.00000,243366000000.000000,689600000000.000000,77.45530531692590,5.63000000000000,5.19843246100000,4.95756923333333,798.000000000000,81137000000.000000
2005-10-01,179675000000.00000,248164000000.000000,701000000000.000000,77.82679359182720,5.63000000000000,5.39398845600000,5.00743516666667,802.900000000000,83001000000.000000
2006-01-01,181815000000.00000,250948000000.000000,722700000000.000000,78.47689807290460,5.61666666666667,5.27226811600000,5.04505506666667,811.400000000000,82642000000.000000
2006-04-01,184688000000.00000,254507000000.000000,747500000000.000000,79.77710703505920,5.84000000000000,5.68918767500000,4.85773603333333,824.000000000000,82975000000.000000
2006-07-01,186790000000.00000,262349000000.000000,766900000000.000000,80.52008358486180,6.15000000000000,5.73632505200000,4.67706130000000,828.700000000000,83538000000.000000
2006-10-01,189423000000.00000,269087000000.000000,792200000000.000000,80.42721151613650,6.34666666666667,5.65370813400000,4.51547560000000,839.600000000000,83622000000.000000
2007-01-01,193398000000.00000,275661000000.000000,826500000000.000000,80.42721151613650,6.41000000000000,5.80789574333333,4.55036880000000,851.800000000000,87016000000.000000
2007-04-01,195158000000.00000,280080000000.000000,869900000000.000000,81.44880427211520,6.42333333333334,6.01178059566667,4.32534630000000,863.000000000000,90483000000.000000
2007-07-01,198507000000.00000,284621000000.000000,912500000000.000000,82.00603668446710,6.72000000000000,6.02259569366667,4.25344906666667,869.900000000000,90235000000.000000
2007-10-01,200916000000.00000,290074000000.000000,972700000000.000000,82.74901323426980,7.11666666666667,6.13581131666667,4.35403096666667,875.200000000000,92429000000.000000
2008-01-01,201829000000.00000,297004000000.000000,1002000000000.000000,83.86347805897380,7.59000000000000,6.15215956566667,4.08655660000000,881.400000000000,94893000000.000000
2008-04-01,201114000000.00000,305440000000.000000,1037600000000.000000,85.07081495240300,7.80000000000000,6.37074206333333,4.25902103333333,889.400000000000,97301000000.000000
2008-07-01,200618000000.00000,315557000000.000000,1089800000000.000000,86.09240770838170,7.44333333333333,5.95831027666667,4.18277863333333,901.000000000000,97841000000.000000
2008-10-01,200484000000.00000,316200000000.000000,1133000000000.000000,85.81379150220570,5.06000000000000,4.79056385300000,4.44138176666667,911.100000000000,96307000000.000000
2009-01-01,201363000000.00000,316242000000.000000,1143500000000.000000,85.90666357093100,3.35333333333333,4.22215909100000,5.30917356666667,915.800000000000,93474000000.000000
2009-04-01,204477000000.00000,312366000000.000000,1180400000000.000000,86.27815184583240,3.16000000000000,5.02431746033333,5.72938633333333,922.900000000000,92949000000.000000
2009-07-01,205357000000.00000,313674000000.000000,1185500000000.000000,87.11400046436030,3.27000000000000,5.44823748366667,5.67880103333333,939.700000000000,93339000000.000000
2009-10-01,207768000000.00000,320110000000.000000,1180200000000.000000,87.57836080798700,3.95333333333333,5.46333333333333,5.55817783333333,956.400000000000,98151000000.000000
2010-01-01,208608000000.00000,327127000000.000000,1211100000000.000000,88.41420942651500,4.23000000000000,5.55166666666667,5.33200653333333,968.300000000000,97908000000.000000
2010-04-01,211461000000.00000,339376000000.000000,1233300000000.000000,88.97144183886700,4.75000000000000,5.53416666666667,5.29087976666667,981.300000000000,97825000000.000000
2010-07-01,213463000000.00000,344323000000.000000,1261300000000.000000,89.62154631994430,4.80000000000000,5.03916666666667,5.12028740000000,978.500000000000,98452000000.000000
2010-10-01,215921000000.00000,350475000000.000000,1303900000000.000000,89.99303459484560,4.95333333333333,5.33916666666667,5.09118803333333,997.500000000000,98451000000.000000
2011-01-01,217569000000.00000,356059000000.000000,1335300000000.000000,91.29324355700020,4.93333333333333,5.52166666666667,4.97108373333333,1006.100000000000,102234000000.000000
2011-04-01,219445000000.00000,365832000000.000000,1345000000000.000000,92.12909217552820,4.96333333333333,5.33250000000000,4.96264546666667,1019.300000000000,102026000000.000000
2011-07-01,220855000000.00000,372494000000.000000,1385000000000.000000,92.68632458788020,4.87666666666667,4.57166666666667,5.18893056666667,1024.500000000000,109342000000.000000
2011-10-01,221572000000.00000,372358000000.000000,1409100000000.000000,92.68632458788020,4.62000000000000,4.09250000000000,5.20631633333333,1035.100000000000,108973000000.000000
2012-01-01,224446000000.00000,373848000000.000000,1435600000000.000000,92.77919665660550,4.40666666666667,3.97166666666667,5.14593446666667,1050.200000000000,112732000000.000000
2012-04-01,225283000000.00000,379498000000.000000,1468300000000.000000,93.24355700023220,3.78333333333333,3.37666666666667,5.11835846666667,1053.200000000000,116396000000.000000
2012-07-01,225895000000.00000,380173000000.000000,1490500000000.000000,94.54376596238680,3.55333333333333,3.05583333333333,5.26981340000000,1067.25,116545000000.000000
2012-10-01,226227000000.00000,381351000000.000000,1511700000000.000000,94.72951009983750,3.17000000000000,3.11250000000000,5.36865546666667,1081.300000000000,116849000000.000000
2013-01-01,227601000000.00000,385568000000.000000,1534900000000.000000,95.10099837473880,3.00000000000000,3.46916666666667,5.48128133333333,1093.15,114544000000.000000
2013-04-01,228217000000.00000,389497000000.000000,1564700000000.000000,95.47248664964010,2.88000000000000,3.33666666666667,5.62945936666667,1105.000000000000,112944000000.000000
2013-07-01,230535000000.00000,393482000000.000000,1580300000000.000000,96.58695147434410,2.64666666666667,3.87000000000000,5.71917380000000,1109.6,114007000000.000000
2013-10-01,231894000000.00000,399303000000.000000,1617000000000.000000,97.32992802414670,2.59333333333333,4.11333333333333,5.84364463333333,1114.200000000000,113102000000.000000
2014-01-01,233270000000.00000,403773000000.000000,1639800000000.000000,97.88716043649870,2.63666666666667,4.13333333333333,5.90136566666667,1118.6,113275000000.000000
2014-04-01,234384000000.00000,402933000000.000000,1673400000000.000000,98.35152078012540,2.69000000000000,3.83666666666667,5.92369300000000,1123.000000000000,112382000000.000000
2014-07-01,236138000000.00000,402687000000.000000,1708100000000.000000,98.81588112375200,2.64666666666667,3.47666666666667,6.16344890000000,1125.85,110490000000.000000
2014-10-01,237381000000.00000,405192000000.000000,1733800000000.000000,99.00162526120270,2.74000000000000,3.18000000000000,6.25966946666667,1128.700000000000,109798000000.000000
2015-01-01,238477000000.00000,408642000000.000000,1763000000000.000000,99.18736939865340,2.45333333333333,2.54000000000000,6.17887213333333,1132.8,109606000000.000000
2015-04-01,239912000000.00000,407505000000.000000,1786000000000.000000,99.83747387973060,2.18333333333333,2.75666666666667,6.01295503333333,1136.900000000000,108546000000.000000
2015-07-01,242198000000.00000,412025000000.000000,1814100000000.000000,100.30183422335700,2.15000000000000,2.77333333333333,6.17225843333333,1141.3,106272000000.000000
2015-10-01,243454000000.00000,412918000000.000000,1836500000000.000000,100.67332249825900,2.23666666666667,2.77333333333333,5.84243793333333,1145.700000000000,105539000000.000000
2016-01-01,245706000000.00000,416216000000.000000,1868700000000.000000,100.48757836080800,2.29666666666667,2.59333333333333,5.77472546666667,1153.3,106219000000.000000
2016-04-01,246756000000.00000,421372000000.000000,1889400000000.000000,100.85906663570900,2.08666666666667,2.32000000000000,5.68285073333333,1160.900000000000,105342000000.000000
2016-07-01,248082000000.00000,426205000000.000000,1915800000000.000000,101.60204318551200,1.80666666666667,1.93333333333333,5.64559810000000,1162.2,102622000000.000000
2016-10-01,249789000000.00000,440535000000.000000,1960100000000.000000,102.15927559786400,1.76333333333333,2.50000000000000,5.72764380000000,1163.500000000000,105735000000.000000
2017-01-01,250721000000.00000,449336000000.000000,1994300000000.000000,102.62363594149100,1.78333333333333,2.76333333333333,5.78353703333333,1171.25,106705000000.000000
2017-04-01,252605000000.00000,448720000000.000000,2037000000000.000000,102.80938007894100,1.74000000000000,2.50333333333333,5.58253210000000,1179.000000000000,107366000000.000000
2017-07-01,254252000000.00000,453306000000.000000,2046700000000.000000,103.45948456001900,1.70666666666667,2.64666666666667,5.51402486666667,1185.25,110104000000.000000
2017-10-01,256842000000.00000,456984000000.000000,2048600000000.000000,104.10958904109600,1.73000000000000,2.64333333333333,5.46387723333333,1191.500000000000,109538000000.000000
2018-01-01,257875000000.00000,466381000000.000000,2068600000000.000000,104.57394938472300,1.83000000000000,2.77666666666667,5.51882570000000,1199.45,111255000000.000000
2018-04-01,260019000000.00000,471634000000.000000,2075400000000.000000,104.94543765962400,2.03000000000000,2.74333333333333,5.41489820000000,1207.400000000000,111049000000.000000
2018-07-01,260787000000.00000,476652000000.000000,2091400000000.000000,105.40979800325100,1.97000000000000,2.62000000000000,5.19018086666667,1216.35,111508000000.000000
2018-10-01,261885000000.00000,482278000000.000000,2098700000000.000000,105.96703041560200,1.96333333333333,2.59666666666667,5.03553010000000,1225.300000000000,110351000000.000000
2019-01-01,262566000000.00000,489136000000.000000,2151200000000.000000,105.96703041560200,1.95333333333333,2.12000000000000,5.01869670000000,1231.4265,109559000000.000000
